รหัสสินค้า,ชื่อสินค้า,ราคา, ราคา ,(ดิบ)
15989,3M Carbon Mask หน้ากากอนามัย 3 มิติ กรอง 4ชั้น 1X2ชิ้น,11, 11.00 ,บาท/ซอง
15991,3M Daily Kids Mask หน้ากากอนามัย 3 มิติ กรอง 3ชั้น 1X4ชิ้น,11.5, 11.50 ,บาท/ซอง
15990,3M Daily Mask หน้ากากอนามัย 3 มิติ กรอง 3ชั้น 1X3ชิ้น,15.5, 15.50 ,บาท/ซอง
15215,3M DISPOSABLE EARPLUGS 1คู่,14.25, 14.25 ,บาท/ชิ้น
16377,3M Fine Slide ไหมขัดฟันมีด้ามจับ30ชิ้น,20, 20.00 ,บาท/ซอง
16447,3M Mask หน้ากากอนามัยทางการแพทย์ 50 ชิ้น / กล่อง,78, 78.00 ,บาท/กล่อง
12427,7-DAY PILL REMINDER M ตลับใส่ยา,83, 83.00 ,บาท/Pcs.
14676,A.C.V 5X5'S ขายยกกล่อง,96, 96.00 ,บาท/กล่อง
16720,A.C.V. CREAM 10x1GM. great,52, 52.00 ,บาท/กล่อง
16602,A.C.V. CREAM 3 GM. great,23, 23.00 ,บาท/หลอด
14250,AB PRE&PRO 10 SACHETS,234, 234.00 ,บาท/กล่อง
16314,ACC SANDOZ 200 MG acetylcysteine20 ef tab,148.5, 148.50 ,บาท/กล่อง
16348,ACC SANDOZ 600 MG acetylcysteine10 ef tab,134, 134.00 ,บาท/กล่อง
16319,ACCUCHECK STRIPT GUIDE 25 ชิ้น,450, 450.00 ,บาท/กล่อง
16320,ACCUCHECK STRIPT INSTANT 25 ชิ้น,440, 440.00 ,บาท/กล่อง
16322,ACCUCHECK เข็ม fast clix 24 ชิ้น,87, 87.00 ,บาท/กล่อง
16321,ACCUCHECK เข็ม soft clix 25 ชิ้น,85, 85.00 ,บาท/กล่อง
16037,ACCUCHECK เครื่องวัดน้ำตาลรุ่น GUIDE,2210," 2,210.00 ",บาท/กล่อง
16318,ACCUCHECK เครื่องวัดน้ำตาลรุ่น INSTANT,1360," 1,360.00 ",บาท/กล่อง
15804,ACCUFAST covid influenza A/B & RSV ATK 4 in1 *ขายขาดไม่รับคื,50, 50.00 ,บาท/กล่อง
15638,ACCUFAST influenza A/B & RSV ATK ไข้หวัดใหญ่ 3in1 *ขายขาดไม่,45, 45.00 ,บาท/กล่อง
10017,ACCUPRIL 20 MG. 1x98T pfizer,1600," 1,600.00 ",บาท/กล่อง
10016,ACCUPRIL 5 MG. 1x98T,890, 890.00 ,บาท/กล่อง
14387,ACETIN 200 MG. 50 ซอง 5 GM.,155, 155.00 ,บาท/กล่อง
10020,ACNE-AID LIQUID 100 ML GENTLE สีฟ้า,142, 142.00 ,บาท/ขวด
10102,ACNE-AID LIQUID 100 ML. สีแดง,141.5, 141.50 ,บาท/ขวด
14153,ACNE-AID LIQUID 100 ML.แพคคู่ สีแดง,246, 246.00 ,บาท/แพค
14353,ACNE-AID LIQUID 500 ML. สีแดง,438, 438.00 ,บาท/ขวด
14354,ACNE-AID LIQUID 500 ML. สีฟ้า,438, 438.00 ,บาท/ขวด
14374,ACNE-AID ANTI ACNE SPOT GEL 10 GMสีแดง,113, 113.00 ,บาท/หลอด
14484,ACNE-AID FOAMING FACE WASH 100 ML.,141, 141.00 ,บาท/ขวด
14483,ACNE-AID GEL CLEANSER GENTLE 100 ML.,130, 130.00 ,บาท/ขวด
14852,ACNE-AID MICELLAR WATER 235 ML,181, 181.00 ,บาท/ขวด
14853,ACNE-AID MOISTURISER LOTION 30 ML.,242, 242.00 ,บาท/ขวด
14375,"ACNE-AID SCAR CARE GEL 10 GM, สีน้ำเงิน",178, 178.00 ,บาท/หลอด
12741,ACNETIN-A 0.025% 10 G. (เขียว),38.5, 38.50 ,บาท/หลอด
12740,ACNETIN-A 0.05% 10 G. (น้ำเงิน),41, 41.00 ,บาท/หลอด
14855,ACTAVIA NASOL SPRAY 10 ML,71, 71.00 ,บาท/ขวด
15130,ACTEWOUND silicon sheet 2.5x100 cm 1 ม้วน แผลผ่าคลอด SOS,346, 346.00 ,บาท/กล่อง
10919,ACTEWOUND CLEAR silicon sheet 7x15 cm 1 ชิ้น แผลผ่าคลอด SOS,280, 280.00 ,บาท/กล่อง
16475,ACTEWOUND silicon sheet 4x6 cm 2 ชิ้น แผลผ่าตัด SOS,138, 138.00 ,บาท/กล่อง
16001,ACTEWOUND silicon sheet 7x15 cm 1 ชิ้น แผลผ่าคลอด SOS,280, 280.00 ,บาท/กล่อง
14173,ACZEE GEL 2.5% 20 GM. (Benzyl peroxide gel ),50, 50.00 ,บาท/หลอด
14174,ACZEE GEL 50 5% 20 GM. (Benzyl peroxide gel ),55, 55.00 ,บาท/หลอด
10054,ADALAT CR 60,860, 860.00 ,บาท/กล่อง
14147,ADVANCED DRAGON'S BLOOD 9 GM purica plus,265, 265.00 ,บาท/หลอด
16008,AERIUS ORAL SOLUTION 0.5 MG sugra free,202, 202.00 ,บาท/ขวด
10710,AERIUS 5 MG. 10'S exp6/2027,254, 254.00 ,บาท/กล่อง
14116,AEROBIDOL 200 DOSE 100MCG( berodual),207, 207.00 ,บาท/ขวด
15827,AERONIDE 200 MCG BUDESONIDE,212, 212.00 ,บาท/กล่อง
14115,AEROTAMOL 200 DOSE 100MCG มี SPACER salbutamol,97, 97.00 ,บาท/ขวด
14953,AEROTIDE EVOHALER 25/125 120 DOSE(ไม่มีcounter dose),230, 230.00 ,บาท/กล่อง
15535,AEROTIDE EVOHALER 25/250120 DOSE(มีcounter dose),459, 459.00 ,บาท/กล่อง
15915,AIME สำลีแผ่น 40 GM.,33.5, 33.50 ,บาท/ชิ้น
15916,AIME สำลีแผ่น 90 GM.,64, 64.00 ,บาท/ชิ้น
16640,AIROMET-AOM omeprazole 20mg 14'S,21, 21.00 ,บาท/กล่อง
16185,AIRROX 10x10'S (simethicone80mg) pross,85, 85.00 ,บาท/กล่อง
16719,AIR-X GO 10 ML X 12 ซอง รสมะนาว sugar free,130, 130.00 ,บาท/กล่อง
16632,AIR-X 10X10'S รสมะนาว,125, 125.00 ,บาท/กล่อง
10056,AIR-X 50x10'S mint,12.5, 12.50 ,บาท/แผง
10060,AIR-X 50X10'S รสมะนาว,12.5, 12.50 ,บาท/แผง
10058,AIR-X 50X10'S รสส้ม,12.5, 12.50 ,บาท/แผง
10057,AIR-X DROP,45, 45.00 ,บาท/กล่อง
16572,AKNEDERM GEL 2.5% 10 GM. (Benzyl peroxide gel ),42.25, 42.25 ,บาท/หลอด
16573,AKNEDERM GEL 5.0 % 10 GM. (Benzyl peroxide gel ),55.75, 55.75 ,บาท/หลอด
10341,ALBEMED 10X 6'S ขายยกกล่อง,130, 130.00 ,บาท/กล่อง
10335,ALBEN 2'S 1 กล่องมี 50 แผง,7.5, 7.50 ,บาท/แผง
16443,ALBEN ANTHELMINTICS SACHET 12 X10 ML.,183, 183.00 ,บาท/กล่อง
10336,ALBEN SYRUP 10 ML.,16.5, 16.50 ,บาท/ขวด
10071,ALBER-T 10 GM.,41.83, 41.83 ,บาท/ชิ้น
10072,ALBU ไข่ขาวผง 250 g berlin,275, 275.00 ,บาท/ห่อ
10073,ALBU ไข่ขาวผง 500 g berlin,500, 500.00 ,บาท/ห่อ
10074,ALBU ไข่ขาวเม็ด 60's berlin,277, 277.00 ,บาท/ขวด
15799,ALBUMIN white egg powder 400 GM vanilla,635, 635.00 ,บาท/กระป๋อง
15798,ALBUMIN white egg powder 400 GM chocolate,635, 635.00 ,บาท/กระป๋อง
10076,ALCOHOL 30 ML. เสือดาว,4.75, 4.75 ,บาท/ชิ้น
10088,ALCOHOL 450 ML .เสือดาว PINK,30.5, 30.50 ,บาท/ขวด
13851,ALCOHOL 450 ML 70% .เสือดาว,32.25, 32.25 ,บาท/ขวด
10087,ALCOHOL 450 ML IPA ขวดเหลี่ยม.ศิริบัญชา,65, 65.00 ,บาท/ขวด
10093,ALCOHOL 180 ML.ศิริบัญชา,18, 18.00 ,บาท/ขวด
10081,ALCOHOL 450 ML.ศิริบัญชา,33.5, 33.50 ,บาท/ขวด
10079,ALCOHOL 60 ML. เสือดาว,7, 7.00 ,บาท/ชิ้น
10094,ALCOHOL 60 ML.ศิริบัญชา,8.75, 8.75 ,บาท/ชิ้น
14277,ALCOHOL CLEAN SPRAY sahakarn 50 ML,29, 29.00 ,บาท/ขวด
16072,ALCOHOL COTTON BALL 15X8ก้อน สำลีชุบ 7S,92, 92.00 ,บาท/กล่อง
10091,ALCOHOL GEL ล้างมือ 170 gm. ศิริบัญชา,50, 50.00 ,บาท/ขวด
10084,ALCOHOL GEL ล้างมือ 400 gm.. ศิริบัญชา,90, 90.00 ,บาท/ขวด
15537,ALCOHOL PREP PAD 20 แผ่นขนาด 8.3x3.8 cm SOS,17.5, 17.50 ,บาท/กล่อง
14762,ALCOHOL PREP PAD 200 แผ่น SOS,156, 156.00 ,บาท/กล่อง
10090,ALCOHOL SPRAY 20 ML.ตลับพกพา,114, 114.00 ,บาท/แพค
10077,ALCOHOL SPRAY 240 ML.,38.5, 38.50 ,บาท/ขวด
10083,ALCOHOL SPRAY 30 ML.,31, 31.00 ,บาท/ขวด
14505,ALCOHOL SPRAY 450 ML.ศิริบัญชา,65, 65.00 ,บาท/ขวด
10337,ALDA 400 MG. 1'S,120, 120.00 ,บาท/แพค
10100,ALDARA CREAM 5% 25 MG. 12 ซอง,160, 160.00 ,บาท/ซอง
15800,A-LEAZE 5mg 1X10'S (levocetrizine) siam,65, 65.00 ,บาท/กล่อง
10651,ALEREST 10X10'S,66, 66.00 ,บาท/กล่อง
11949,ALERTEN 100 MG. 3x10's,555, 555.00 ,บาท/กล่อง
11950,ALERTEN 50 MG 30'S,480, 480.00 ,บาท/กระป๋อง
14501,ALFLOREX 30'S,708, 708.00 ,บาท/กล่อง
15584,ALGOGEN 60 ML. 120 mg.STRAW (paracetamol),16.5, 16.50 ,บาท/ชิ้น
10004,ALGYCON CHEWABLE TAB 7X12'S,140, 140.00 ,บาท/แผง
11518,A-LICES SHAMPOO 30 ML.,55, 55.00 ,บาท/ขวด
15015,ALINAMIN- EX PLUS ขวด 120'S,613, 613.00 ,บาท/ขวด
10103,ALINAMIN- EX PLUS ขวด 60'S,400, 400.00 ,บาท/ขวด
10104,ALINAMIN- F แผง 10X10'S,267, 267.00 ,บาท/กล่อง
15867,ALLERDRYL CREAM 20 GM. greater,35.75, 35.75 ,บาท/หลอด
10654,ALLEREST SYRUP 60 ML.,25.5, 25.50 ,บาท/ขวด
11325,ALLERGIA GEL 7 GM,73, 73.00 ,บาท/หลอด
11578,ALLERGIST 5 ML.,27, 27.00 ,บาท/ขวด
11882,ALLERNIX 10 MG GED,33.5, 33.50 ,บาท/กล่อง
13838,ALLERNIX SYRUP 60 ML.,40.75, 40.75 ,บาท/ขวด
11872,ALLER-TAB 10x10'S,166, 166.00 ,บาท/กล่อง
11874,ALLEX 10'S,11, 11.00 ,บาท/แผง
11881,ALLEX SYRUP,17.5, 17.50 ,บาท/ขวด
10708,ALLORA 5 MG 10'S,47, 47.00 ,บาท/กล่อง
14691,ALLORA SYRUP 60 ML.,56, 56.00 ,บาท/ขวด
10113,ALLORIC 100 MG.50X10'S,255, 255.00 ,บาท/กล่อง
10107,ALLORIC T.O. 100 MG.ขายขาดไม่รับคืน,225, 225.00 ,บาท/ขวด
11459,ALOE VERA GEL 120 GM. ZIGMA,86, 86.00 ,บาท/หลอด
11464,ALOHA ALOE VERA 65 GM,73, 73.00 ,บาท/หลอด
14370,ALPHAGAN P 0.1% 5 ML exp 12/2026,375, 375.00 ,บาท/ขวด
10092,ALSOFF COTTON 12X8ก้อน สำลีชุบalc,61, 61.00 ,บาท/กล่อง
13826,ALSOFT A SPRAY 100 ML OSOTH INTER,110, 110.00 ,บาท/ขวด
10120,AMARYL 2 MG. 3X10'S,1620," 1,620.00 ",บาท/กล่อง
10119,AMARYL 3 MG 3X 10'S รุนใหม่,2330," 2,330.00 ",บาท/กล่อง
12292,AMBES 10 MG. 10X10'S GPO ขายขาดไม่รับคืน,105, 105.00 ,บาท/กล่อง
12291,AMBES 5 MG. 10X10'S GPO ขายขาดไม่รับคืน,57, 57.00 ,บาท/กล่อง
10127,AMBRIXOL 50X10'S,5, 5.00 ,บาท/แผง
10123,AMBROX 10'S,23.5, 23.50 ,บาท/กล่อง
10124,AMBROX SYR 60 ML ADULT,28.75, 28.75 ,บาท/ชิ้น
10125,AMBROX SYR 60 ML CHILDREN,325, 325.00 ,บาท/โหล
15313,AME พลูคาว 60's maxxlife,542, 542.00 ,บาท/ขวด
12745,AMICOF 60 ML,21.5, 21.50 ,บาท/ขวด
12746,AMICOF 60 ML. ADULTS,34.25, 34.25 ,บาท/ขวด
10130,AMITRYPTYLINE 10 MG GPO 50X10'S ขายขาดไม่รับคืน,4.25, 4.25 ,บาท/แผง
10131,AMITRYPTYLINE 25 MG GPO 50X10'S ขายขาดไม่รับคืน,6.5, 6.50 ,บาท/แผง
10137,AMK 1 GM 10'S,96, 96.00 ,บาท/กล่อง
14445,AMK 1 GM 10x10's ขายยกกล่อง,950, 950.00 ,บาท/กล่อง
10143,AMK 156 MG. 60 ML.,63, 63.00 ,บาท/ขวด
10144,AMK 228 MG. 70 ML.,100, 100.00 ,บาท/ขวด
10146,AMK 457 MG. 70 ML.,145, 145.00 ,บาท/กล่อง
10145,AMK 625 MG. 10'S,80, 80.00 ,บาท/กล่อง
15347,AMK es 600 MG. 70 ML.,346, 346.00 ,บาท/ขวด
10147,AMK ES-600 100 ML,540, 540.00 ,บาท/กล่อง
12289,AMLOPINE 10 MG. 10X10'S,199, 199.00 ,บาท/กล่อง
12288,AMLOPINE 5 MG. 10X10'S,150, 150.00 ,บาท/กล่อง
10134,AMMELT 48 ML.165-,96, 96.00 ,บาท/ขวด
10135,AMMELT 82 ML.,132, 132.00 ,บาท/ขวด
14802,AMMELT HEAT GOLD BACK PAIN,29, 29.00 ,บาท/ซอง
14800,AMMELT HEAT GOLD PERIOD PAIN,27.75, 27.75 ,บาท/ซอง
14801,AMMELT HEAT GOLD SHOULDER PAIN,29, 29.00 ,บาท/ซอง
10136,AMMELT HEAT PATCH,200, 200.00 ,บาท/แพค
16089,AMMELTZ YOKOYOKO GOLD 48 ML.,150, 150.00 ,บาท/ขวด
16148,AMOGIN EFFE ซอง ส้ม 4.3g x12ซอง,80, 80.00 ,บาท/กล่อง
10178,AMOGIN GEL 240 ML. 1ลังมี 48 ขวด,35.5, 35.50 ,บาท/ขวด
10192,AMOGIN GELซอง 30X15 ML,102, 102.00 ,บาท/กล่อง
16061,AMOGIN OTC TAB 10'S,10.5, 10.50 ,บาท/กล่อง
10139,AMOKSIKLAV 1 GM.10'S,113, 113.00 ,บาท/กล่อง
10138,AMOKSIKLAV 625 MG. 10's,97, 97.00 ,บาท/กล่อง
10140,AMOKSIKLAV SYRUP 125 MG.,142, 142.00 ,บาท/ขวด
10141,AMOKSIKLAV SYRUP 250 MG. 100 ML.,280, 280.00 ,บาท/ขวด
10142,AMOKSIKLAV SYRUP 457 MG. 35 ML.,198, 198.00 ,บาท/ขวด
15671,A-MOL SYRUP 120 ML. รสสละ,30, 30.00 ,บาท/ขวด
14124,A-MOL SYRUP 120 ML. รสองุ่น,30, 30.00 ,บาท/ขวด
14123,A-MOL SYRUP 250 ML. รสส้ม,32, 32.00 ,บาท/ขวด
10148,AMOXIL GSK 20'S,112, 112.00 ,บาท/กล่อง
10153,AMOXYCILLIN 500 MG. นต-ล เภสัชชุมชน ขายยกล่อง,660, 660.00 ,บาท/กล่อง
10161,AMOXYCILLIN 500 MG (ชพ-ข)medic 50X10'S ขายยกกล่ง,500, 500.00 ,บาท/กล่อง
10167,AMPI 500 MG. T.O. 500'S,610, 610.00 ,บาท/ขวด
14706,AMPICILLIN 500 MG 25X10'S ASU ขายยกกล่อง,340, 340.00 ,บาท/กล่อง
10166,AMPICILLIN 500 MG 50X10'S 7 STAR,950, 950.00 ,บาท/กล่อง
15934,AMYN -500 MG. amoxycillin นต-ล pml 10x10's,125, 125.00 ,บาท/กล่อง
11921,ANAGAN FORTE 25X10'S,200, 200.00 ,บาท/กล่อง
10171,ANAMAI 50x28'S,20.5, 20.50 ,บาท/แผง
12716,ANAPRIL 20 MG.10X10'S,92, 92.00 ,บาท/กล่อง
12717,ANAPRIL 5 MG.10X10'S,59, 59.00 ,บาท/กล่อง
14615,ANAPRIL-S 5 MG.10X10'S,57, 57.00 ,บาท/กล่อง
10174,ANDROCUR 5x10's ขายขาดไม่รับคืน,2960," 2,960.00 ",บาท/กล่อง
10176,ANNA กล่องละ 50 แผง (จำกัดร้านละ 1 กล่อง),1180," 1,180.00 ",บาท/กล่อง
14902,ANNIEGRIP BY TRIPLE-D ข้อเท้า L 1 ชิ้น,74, 74.00 ,บาท/กล่อง
14901,ANNIEGRIP BY TRIPLE-D ข้อเท้า M 1 ชิ้น,74, 74.00 ,บาท/กล่อง
14900,ANNIEGRIP BY TRIPLE-D ข้อเท้า S 1 ชิ้น,74, 74.00 ,บาท/กล่อง
14903,ANNIEGRIP BY TRIPLE-D ข้อเท้า XL 1 ชิ้น,74, 74.00 ,บาท/กล่อง
14898,ANNIEGRIP BY TRIPLE-D ข้อมือ L 1 ชิ้น,74, 74.00 ,บาท/กล่อง
14897,ANNIEGRIP BY TRIPLE-D ข้อมือ M 1 ชิ้น,74, 74.00 ,บาท/กล่อง
14896,ANNIEGRIP BY TRIPLE-D ข้อมือ S 1 ชิ้น,74, 74.00 ,บาท/กล่อง
14899,ANNIEGRIP BY TRIPLE-D ข้อมือ XL 1 ชิ้น,74, 74.00 ,บาท/กล่อง
14890,ANNIEGRIP BY TRIPLE-D เข่า L 1 ชิ้น,88, 88.00 ,บาท/กล่อง
14889,ANNIEGRIP BY TRIPLE-D เข่า M 1 ชิ้น,88, 88.00 ,บาท/กล่อง
14888,ANNIEGRIP BY TRIPLE-D เข่า S 1 ชิ้น,88, 88.00 ,บาท/กล่อง
14891,ANNIEGRIP BY TRIPLE-D เข่า XL 1 ชิ้น,88, 88.00 ,บาท/กล่อง
14894,ANNIEGRIP BY TRIPLE-D น่อง L 1 ชิ้น,90, 90.00 ,บาท/กล่อง
14893,ANNIEGRIP BY TRIPLE-D น่อง M 1 ชิ้น,90, 90.00 ,บาท/กล่อง
14892,ANNIEGRIP BY TRIPLE-D น่อง S 1 ชิ้น,90, 90.00 ,บาท/กล่อง
14895,ANNIEGRIP BY TRIPLE-D น่อง XL 1 ชิ้น,90, 90.00 ,บาท/กล่อง
14395,ANNOXEN-S 275 MG 2x10'S แพคเกจใหม่,76, 76.00 ,บาท/กล่อง
11987,ANNYLYNN 21'S,88, 88.00 ,บาท/กล่อง
11988,ANNYLYNN 28'S,88, 88.00 ,บาท/กล่อง
11926,ANPUZZ 520 MG. 1X1X10,29, 29.00 ,บาท/แผง
10179,ANTACIL 50x10'S,484, 484.00 ,บาท/กล่อง
10180,ANTACIL GEL 240 ML 60-,40.75, 40.75 ,บาท/ชิ้น
10196,ANTACIL GEL 450ML,71.75, 71.75 ,บาท/ขวด
16467,ANTACIL PLUS 50x10'S,822, 822.00 ,บาท/กล่อง
11305,ANTAZALLERG 10 ML.,35, 35.00 ,บาท/ขวด
10202,ANTERGAN 10 GM.,23.75, 23.75 ,บาท/ชิ้น
14195,ANTERGAN 25 GM.,47.5, 47.50 ,บาท/หลอด
15816,ANTI ACNE GEL 5 GM anb,77, 77.00 ,บาท/หลอด
16289,ANXISET 10x10'S,326, 326.00 ,บาท/กล่อง
16390,APIXABAN SANDOZ 2.5 mg 5X10'S,1950," 1,950.00 ",บาท/กล่อง
10106,APNOL 10X10 'S (allopurinol) pml,165, 165.00 ,บาท/กล่อง
13209,APOLETS 30'S exp 3/2027,285, 285.00 ,บาท/กล่อง
15580,APPLE CIDER GUMMYZ 2's*25 pouches,463, 463.00 ,บาท/กล่อง
10207,APRACUR KIDS 60 ML.,39, 39.00 ,บาท/ขวด
10206,APRACUR NC 25x6's,179, 179.00 ,บาท/กล่อง
11643,AQUA MARIS BABY NASOL SPRAY 50 ml.,247, 247.00 ,บาท/ขวด
11633,AQUA MARIS CLASSIC NASOL SPRAY 30 ml.,225, 225.00 ,บาท/ขวด
15997,AQUA MARIS PROTECTO NASOL SPRAY 20 ml.,255, 255.00 ,บาท/ขวด
15996,AQUA MARIS STRONG NASOL SPRAY 30 ml.,245, 245.00 ,บาท/ขวด
12201,AQUAFEEL,305, 305.00 ,บาท/ขวด
14775,ARCONA 120 MG 6'S MH ขายยกกล่อง,54, 54.00 ,บาท/แผง
14196,ARCONA 60 MG 3X10'S MH ขายยกกล่อง,265, 265.00 ,บาท/กล่อง
16220,ARCONA 90 MG 10'S MH,53, 53.00 ,บาท/แผง
15743,ARCOXIA 120 mg กล่องละ 1 แผง 5 เม็ด,218, 218.00 ,บาท/แผง
15744,ARCOXIA 60 mg กล่องละ 1 แผง 5 เม็ด,178, 178.00 ,บาท/แผง
15709,ARCOXIA 90 กล่องละ 1 แผง 5 เม็ด,178, 178.00 ,บาท/แผง
10217,ARISTOCORT 0.02% 15 GM.,41.5, 41.50 ,บาท/หลอด
10216,ARISTOCORT A 0.1% 15 GM.,70, 70.00 ,บาท/หลอด
11914,ARM HOLDER BLACK FREE SIZE,285, 285.00 ,บาท/อัน
14095,ARM SLING ตาข่ายนิ่มสีน้ำเงิน no.L /SOS,96, 96.00 ,บาท/กล่อง
14102,ARM SLING ตาข่ายนิ่มสีน้ำเงิน no.M / SOS,96, 96.00 ,บาท/กล่อง
12413,ARM SLING ตาข่ายนิ่มสีน้ำเงิน no.S SOS,96, 96.00 ,บาท/กล่อง
14149,AROTIKA COOL GEL 35 GM.,29.5, 29.50 ,บาท/หลอด
14365,AROTIKA COOL GEL100 GM.,75, 75.00 ,บาท/หลอด
10835,AROTIKA RUB 100 GM.,147, 147.00 ,บาท/หลอด
15887,AROTIKA RUB 15 GM.,29.5, 29.50 ,บาท/หลอด
10834,AROTIKA RUB 35 GM.,59, 59.00 ,บาท/หลอด
15250,AROTIKA WARM CREAM 35 GM.,59, 59.00 ,บาท/หลอด
15966,ARTRODAR (artrodar) 3X10'S,510, 510.00 ,บาท/กล่อง
13405,ARTROFORT COMPLEX 30/sachet,638, 638.00 ,บาท/กล่อง
14835,AS C 100'S 7 STAR,19, 19.00 ,บาท/ขวด
14475,A-SCALP LOTION 60 ML.,88, 88.00 ,บาท/ขวด
14771,"ASCEE 500 MG, หลอด 10x15's",32, 32.00 ,บาท/หลอด
10240,ASEPSO SOAP,19.5, 19.50 ,บาท/ชิ้น
15737,ASEPSO SOAP สูตร soothing cool 70 gmสีฟ้า,19.5, 19.50 ,บาท/ชิ้น
15735,ASEPSO SOAP สูตร สปอร์ต 80 gm สีน้ำเงิน,19.5, 19.50 ,บาท/ชิ้น
15736,ASEPSO SOAP สูตร อ่อนโยน 80 gm สีชมพู,19.5, 19.50 ,บาท/ชิ้น
15738,ASEPSO SOAP สูตรไฮจีนิค 80 gm สีเขียว,19.5, 19.50 ,บาท/ชิ้น
16179,ASIATAPP SYRUP 60 ML สูตร dimetapp ASIAN-P,16, 16.00 ,บาท/ขวด
10241,ASMASOLON 10X10'S,195, 195.00 ,บาท/กล่อง
10243,ASPENT-M 81 MG 60'S,33, 33.00 ,บาท/ขวด
14097,ASTAIR 10 MG. 4X7'S,125, 125.00 ,บาท/กล่อง
16278,ASTAIR CHEWABLE 5 MG. 4X7'S,290, 290.00 ,บาท/กล่อง
11965,ASTAX (astaxanthin )4 MG. 3X10'S,280, 280.00 ,บาท/กล่อง
14310,ASTAX (astaxanthin) 6 MG. 3X10'S,362, 362.00 ,บาท/กล่อง
16259,ASTAXANTHIN 6 MG 2X15'S (MSP),350, 350.00 ,บาท/กล่อง
15166,Astroglide Liquid water base 2.5 ml,24, 24.00 ,บาท/ซอง
15164,Astroglide Liquid Water base 74 ml,255, 255.00 ,บาท/ขวด
15165,Astroglide Strawberry Liquid 74 ml,255, 255.00 ,บาท/ขวด
16441,ASUMOL 20X10 สีเขียวยาว ASU,60, 60.00 ,บาท/กล่อง
16132,ASUMOL ขาว 100'S ASU,17, 17.00 ,บาท/ขวด
16133,ASUMOL ฟ้า/ขาว 100'S ASU,18, 18.00 ,บาท/ขวด
16174,"ATK Singclean covid/RSV/Flu a,b test kit *ขายขาดไม่รับคืน*",58, 58.00 ,บาท/กล่อง
14435,ATK SEINOFY covid-19 test kit *ขายขาดไม่รับคืน*,20, 20.00 ,บาท/กล่อง
11818,ATORVASTIN SANDOZ 10 MG 3X10'S,510, 510.00 ,บาท/กล่อง
11819,ATORVASTIN SANDOZ GmbH 20 MG 3X10'S,703, 703.00 ,บาท/กล่อง
11820,ATORVASTIN SANDOZ GmbH 40 MG 3X10'S,878, 878.00 ,บาท/กล่อง
16284,ATOZET (EZETIMIBE+ATORVASTATIN) 10 /20 MG 3X10'S,1877," 1,877.00 ",บาท/กล่อง
16285,ATOZET (EZETIMIBE+ATORVASTATIN) 10 /40 MG 3X10'S,1986," 1,986.00 ",บาท/กล่อง
16283,ATOZET (EZETIMIBE+ATORVASTATIN) 10 /10 MG 3X10'S,1768," 1,768.00 ",บาท/กล่อง
14465,ATOZIN 250 MG. 6'S,49, 49.00 ,บาท/กล่อง
16639,"A-TUSSIN 20X10'S ( DEXTRO 15 MG, เม็ดสีเหลือง ) รายงาน",130, 130.00 ,บาท/กล่อง
10270,AUGMENTIIN SR 1000/62.5 MG.,850, 850.00 ,บาท/กล่อง
10271,AUGMENTIN 1 GM. 1X10 S รุ่นใหม่,228, 228.00 ,บาท/กล่อง
15589,AUGMENTIN ES 50 ML,492, 492.00 ,บาท/ขวด
13101,AVAFAST 180 MG 10'S พรอส,56.5, 56.50 ,บาท/กล่อง
14096,AVAFAST 60 MG 10'S พรอส,24, 24.00 ,บาท/กล่อง
13981,AVAMIGRAN 100MG 1X10'S รุ่นใหม่,47, 47.00 ,บาท/กล่อง
12827,AVAMYS NASOL 27.5 MCG. 120 DOSE,420, 420.00 ,บาท/กล่อง
11984,AVARIN 10'S รุ่นใหม่,59, 59.00 ,บาท/แผง
13077,AVELOX film coat 5'S,568, 568.00 ,บาท/กล่อง
10285,AVODART 0.5 MG.30'S,1270," 1,270.00 ",บาท/กล่อง
14486,AXCEL FUSIDIC ACID CREAM 5 GM,39, 39.00 ,บาท/หลอด
14487,AXCEL FUSIDIC ACID-B CREAM 5 GM,39, 39.00 ,บาท/หลอด
15881,AXIAGO 20 MG 2 X7'S,415, 415.00 ,บาท/กล่อง
16180,AZITABB 250 MG. 6 TABLET ASIAN-P,68, 68.00 ,บาท/กล่อง
16398,AZITH CAP 250 MG. BLISTER 1X 6'S,71.5, 71.50 ,บาท/กล่อง
16399,AZITH DS 200 MG/5 ML 1X15 ML.,86, 86.00 ,บาท/ขวด
13796,AZITHRO 250 MG. 6'S,52, 52.00 ,บาท/กล่อง
16307,AZMA EXPECTORANT 60 ML. 7S,22, 22.00 ,บาท/ขวด
11290,AZOPT 5 ML.,405, 405.00 ,บาท/ขวด
13794,AZYCIN 250 MG. 6 'S GPO* ขายขาดไม่รับคืน,61.5, 61.50 ,บาท/กล่อง
10291,B 6 50 MG. 1X1000'S,230, 230.00 ,บาท/ขวด
10325,B COMPLEX ROTA 1 x 1000'S,120, 120.00 ,บาท/ขวด
10296,B FOLIC 100'S,37, 37.00 ,บาท/ขวด
14292,B LONGAN MOUTH SPRAY 20 ML .,220, 220.00 ,บาท/ขวด
16458,B.T.BAN 5 GM.,35.5, 35.50 ,บาท/หลอด
13920,BABINI BABY SOOTHING LOTION 400 ML.,184, 184.00 ,บาท/หลอด
12685,BABINI COOL PATCH 4X2'S,81.5, 81.50 ,บาท/กล่อง
12657,BABINI HEAD TO TOE WASH 480 ML,119, 119.00 ,บาท/ขวด
14220,BABINI HYGINE WIPES 20 SHEET ใหม่,19.5, 19.50 ,บาท/ห่อ
12662,BABINI OINTMENT 50 GM,125, 125.00 ,บาท/หลอด
12597,BABINI SHOOTING CREAM 15 GM .,112, 112.00 ,บาท/หลอด
12669,BABINI WIPES 80 SHEET,65, 65.00 ,บาท/ห่อ
13877,BABYCARE 30 GM,74, 74.00 ,บาท/หลอด
15598,BACLOFEN TABLETS 20X10S,220, 220.00 ,บาท/กล่อง
10309,BACTAFECT OINTMENT 15 GM.,88.5, 88.50 ,บาท/หลอด
10305,BACTEX OINTMENT 5 GM.,50, 50.00 ,บาท/หลอด
12994,BACTIGRAS 10X10 CM 10 แผ่น,164, 164.00 ,บาท/กล่อง
14350,BACTOCLAV-1000 MG. 2X7'S,89, 89.00 ,บาท/กล่อง
16416,BAIDY FORTE 20'S EFFERVESCENT TAB (bkk),153, 153.00 ,บาท/กล่อง
16200,BAIDY JELLY FIBER 250G 1X10 ซอง ชนิดเคี้ยว,235, 235.00 ,บาท/กล่อง
12845,BAIN SYRUP 150 ML.,134, 134.00 ,บาท/ขวด
14184,BAINI GUMMIES 108 gm. หมดอายุ11/2026,100, 100.00 ,บาท/กล่อง
15058,BAINI GUMMIES 40.5 gm.ซอง,42, 42.00 ,บาท/ซอง
14122,BAKAMOL เม็ดกลมเหลือง100's,69.5, 69.50 ,บาท/ขวด
12014,BALAMINE 3X10'S,40, 40.00 ,บาท/กล่อง
13984,BALANCE ACTIV 7 ชิ้น,265, 265.00 ,บาท/กล่อง
15907,BALISA (bilastine) 20MG 10'S,83, 83.00 ,บาท/แผง
16223,BANBACT OINTMENT 5 GM.,38.75, 38.75 ,บาท/หลอด
14007,BAND-AID ALCOHOL HAND 250 ML 83-,82, 82.00 ,บาท/ขวด
10317,BANNER GOLD PLUS 30'Sขวดแก้ว,222, 222.00 ,บาท/ขวด
14554,BANNER GOLD PLUS 60'S ขวดแก้ว,438, 438.00 ,บาท/ขวด
14637,BANNER Hi-B WITH FISH OIL 30 ่S ขวดแก้ว รุ่นใหม่,222, 222.00 ,บาท/ขวด
14555,BANNER Hi-B WITH FISH OIL 60 ่S ขวดแก้ว,438, 438.00 ,บาท/ขวด
10313,BANNER SOY PROTIEN 30'S ขวดแก้ว,178, 178.00 ,บาท/กล่อง
14553,BANNER SOY PROTIEN 60'S ขวดแก้ว,343, 343.00 ,บาท/กล่อง
16345,BANOCIN OINTMENT 10 GM. 42-,24, 24.00 ,บาท/หลอด
14609,"BANOCIN ORAL 5 GM, triamcinolone",14.5, 14.50 ,บาท/หลอด
10323,BANOCIN POWDER 10 GM. 42-,38, 38.00 ,บาท/ชิ้น
12069,BAPID 100 MG. rebamipide mucosta 10's,47, 47.00 ,บาท/แผง
13861,BARACLUDE 0.50 MG. 3X10'S,4800," 4,800.00 ",บาท/กล่อง
15981,B-ASPIRIN 81 MG.10x10 แผง โอสถอินเตอร์,35, 35.00 ,บาท/กล่อง
10247,B-ASPIRIN 81 MG.10x100 แผง โอสถอินเตอร์,3.25, 3.25 ,บาท/แผง
14803,B-CIPROFLOXACIN 500 MG. 10'S bkk,30, 30.00 ,บาท/กล่อง
16426,B-COXIB 120 MG 3X10'S medic,163, 163.00 ,บาท/กล่อง
16528,B-COXIB 90 MG 3X10'S medic,115, 115.00 ,บาท/กล่อง
10326,BEBIDOL ราคาใหม่ 50-,33.75, 33.75 ,บาท/ชิ้น
10327,BECONASE AQUEOUS NASOL SPR exp 6/2026,210, 210.00 ,บาท/ขวด
15156,BEE-COL 100 MG. 60 ML.,50, 50.00 ,บาท/ขวด
10825,BEGESIC 30 GM.,26.5, 26.50 ,บาท/หลอด
11027,BELARA 21'S,260, 260.00 ,บาท/กล่อง
10329,BELCID FORTE SUSP 240 ML 80-,33.5, 33.50 ,บาท/ขวด
14474,BELCID FORTE SUSP 30X15 ML,143, 143.00 ,บาท/กล่อง
15219,BELCID GERD 10 ML 1x12ซอง exp 10/2026,117, 117.00 ,บาท/กล่อง
14653,"BELCID GERD 150 ML,",145, 145.00 ,บาท/ขวด
10328,BELCID SUSP 240 ML 80-,33.5, 33.50 ,บาท/ขวด
14296,BELFESH 10X10'S Mint Ball ขายยกกล่อง สูตรเดียวกับ pudin hara,136, 136.00 ,บาท/กล่อง
16225,BELLA PARA 1X10's เม็ดรี,11, 11.00 ,บาท/กล่อง
14879,BELLA PARA 50X10 เม็ดรี alu brister,490, 490.00 ,บาท/กล่อง
14804,BELLATRIX 20 GM,93, 93.00 ,บาท/หลอด
15171,BELLATRIX CAPSULE 15S,60, 60.00 ,บาท/กล่อง
10330,BENADRYL EXPECT 120 ML จำกัดร้านละ 6 ขวด,96, 96.00 ,บาท/ขวด
10338,BENDA 500 มะนาว 12 แผง,177, 177.00 ,บาท/กล่อง
10333,BENDA 500 12 แผง,177, 177.00 ,บาท/กล่อง
10334,BENDA SYRUP,18.5, 18.50 ,บาท/ชิ้น
12455,BENZAC AC GEL 2.5% 15 GM.,108.25, 108.25 ,บาท/หลอด
12457,BENZAC AC GEL 5 % 60 GM.,290, 290.00 ,บาท/หลอด
12456,BENZAC AC GEL 5% 15 GM.,117, 117.00 ,บาท/หลอด
14240,BENZAC SPOT CLEANSER 130 ML,350, 350.00 ,บาท/ขวด
14755,BEPANTHEN ANTI SCAR GEL 20 GM.,575, 575.00 ,บาท/หลอด
14754,BEPANTHEN DAILY CONTROL 200 ML.,406, 406.00 ,บาท/หลอด
15661,BEPANTHEN FIRST AID 3.5 GM.,36.75, 36.75 ,บาท/หลอด
11107,BEPANTHEN FIRST AIDS 30 GM.,129, 129.00 ,บาท/หลอด
11103,BEPANTHEN OINTMENT 30 GM.,137, 137.00 ,บาท/หลอด
11120,BEPANTHEN OINTMENT 50 GM.,196, 196.00 ,บาท/หลอด
15446,BEPANTHEN SensiControl daily gentle wash gel 400 ml,394, 394.00 ,บาท/ขวด
11113,BEPANTHEN SENSIDERM 20 GM,281, 281.00 ,บาท/หลอด
14911,BEPANTHEN SENSIDERM50 GM,526, 526.00 ,บาท/หลอด
14817,BEPROGEL SOLUTION 30 ML.,96.5, 96.50 ,บาท/ขวด
10390,BEPROLIC LOTION 30 ML.,155, 155.00 ,บาท/ขวด
14383,BERAMOL CAPLETS 100'S,26, 26.00 ,บาท/ขวด
14270,BERAMOL CAPLETS 100X10'S,360, 360.00 ,บาท/กล่อง
12460,BERAMOL CAPLETS 10X10'S,36, 36.00 ,บาท/กล่อง
16356,BERATE 5 GM.,21, 21.00 ,บาท/หลอด
10299,BERCLOMINE SYRUP 60 ML 65-,22.5, 22.50 ,บาท/ขวด
16141,BERCLOMINE TAB 10X10'S,112, 112.00 ,บาท/กล่อง
10300,BERCLOMINE TAB 50X10'S,510, 510.00 ,บาท/กล่อง
13530,BERIZ 21'S ยาคุม,75, 75.00 ,บาท/กล่อง
14231,BERLONTIN 100 MG. 10X10,220, 220.00 ,บาท/กล่อง
12186,BERLONTIN 300 MG. 10X10 ขายยกกล่อง,299, 299.00 ,บาท/กล่อง
14460,BEROCCA 12X2'S เม็ดฟู่ ส้ม รุ่นใหม่,318, 318.00 ,บาท/กล่อง
10345,BEROCCA 15'S เม็ดฟู่ ส้ม,174, 174.00 ,บาท/กล่อง
10346,BEROCCA 15'S เม็ดฟู่ รสผลไม้รวม,173.5, 173.50 ,บาท/กล่อง
14334,BEROCCA 15'S เม็ดฟู่ รสมะม่วง,174, 174.00 ,บาท/กล่อง
14459,BEROCCA 15'S x 2 แพคคู่ เม็ดฟู่ ส้ม,330, 330.00 ,บาท/กล่อง
16240,BEROCCA ELDERBERRY PLUS 10ML x 7 ซอง,176.5, 176.50 ,บาท/กล่อง
16274,BEROCCA IMMU D+ แบบกล่อง 2X 12 SACHET,298, 298.00 ,บาท/กล่อง
16273,BEROCCA IMMU D+ แบบหลอด 15'S,148.5, 148.50 ,บาท/กล่อง
16680,BEROCCA PERFORMANCE FCT 30'S เม็ดกลืน รุ่นใหม่,137, 137.00 ,บาท/กล่อง
10348,BERODUAL FORTE 20X4 ML.ขายขาดไม่รับคืน,660, 660.00 ,บาท/กล่อง
10347,BERODUAL METERRED.200 DOSE exp 30/4/2027,306, 306.00 ,บาท/กล่อง
16417,BESMAL TAB 1X10'S sps,29.5, 29.50 ,บาท/กล่อง
13802,BESTATIN 10 MG. 10X10'S,105, 105.00 ,บาท/กล่อง
13800,BESTATIN 20 MG. 10X10'S,140, 140.00 ,บาท/กล่อง
13804,BESTATIN 40 MG. 10X10'S,228, 228.00 ,บาท/กล่อง
14679,BETA NEO CREAM 15 GM exp15/9/2023,32.25, 32.25 ,บาท/หลอด
10351,BETACAR-15 NATURAL 60'S,286, 286.00 ,บาท/ขวด
10352,BETADINE 15 ML,44.5, 44.50 ,บาท/ชิ้น
10353,BETADINE 30 ML,67.75, 67.75 ,บาท/ชิ้น
13835,BETADINE 500 ML.,241, 241.00 ,บาท/ขวด
11857,BETADINE GARGLE 30 ML.,147, 147.00 ,บาท/ขวด
10369,BETADINE LIQUID BANDAGE 8 ML.,128, 128.00 ,บาท/ขวด
10361,BETADINE OINTMENT 50 GM.,120, 120.00 ,บาท/กระปุก
13836,BETADINE SCRUB 500 ML.,199, 199.00 ,บาท/ขวด
10363,BETADINE THROAT SPRAY 12 ML,147, 147.00 ,บาท/ขวด
11858,BETADINE THROAT SPRAY 25 ML,264, 264.00 ,บาท/ขวด
10381,BETA-DIPO CREAM 15 GM.,38, 38.00 ,บาท/หลอด
15099,BETA-DIPO CREAM 25 GM.,58.75, 58.75 ,บาท/หลอด
10380,BETA-DIPO CREAM 5 GM.,21.5, 21.50 ,บาท/หลอด
16513,BETAHIS 12 (Betahistine) 10x10's FARMALINE,135, 135.00 ,บาท/กล่อง
16512,BETAHIS 6 (Betahistine) FARMALINE,91, 91.00 ,บาท/กล่อง
14750,BETALOL 10 MG. 10x10s,50, 50.00 ,บาท/กล่อง
14751,BETALOL 40 MG 10x10s,80, 80.00 ,บาท/กล่อง
10383,BETAMETHASONE N 15 GM.องค์การ ขายขาดไม่รับคืน,38, 38.00 ,บาท/หลอด
14345,BETAVERT 16 MG. 3X10 'S,93.5, 93.50 ,บาท/กล่อง
10375,BETHASONE 15 GM.,30, 30.00 ,บาท/หลอด
10372,BETHASONE 5 GM,15.5, 15.50 ,บาท/หลอด
10373,BETHASONE-N 5 GM.,17.25, 17.25 ,บาท/หลอด
10374,BETHASONE-N 15 GM,32.5, 32.50 ,บาท/หลอด
15482,BET-N STAR 5 GM. (7S),15.25, 15.25 ,บาท/หลอด
10391,BETNESONE N-CREAM 15 G.,23, 23.00 ,บาท/หลอด
10385,BETNOVATE CREAM 15 GM,88, 88.00 ,บาท/หลอด
10389,BETNOVATE SCALP APPLICATION,159, 159.00 ,บาท/ขวด
10387,BETNOVATE-N 15 GM,97, 97.00 ,บาท/หลอด
14480,BETOSALIC OINTMENT 15 G.,51, 51.00 ,บาท/หลอด
14339,BEWEL 300 MG.2X14'S,260, 260.00 ,บาท/กล่อง
15873,BICAHIS (bilastine) 20MG 10'S,74, 74.00 ,บาท/แผง
15874,BICAHIS (bilastine) 20MG 5X10'S,360, 360.00 ,บาท/กล่อง
14221,BILAXTEN 20 MG 10'S,136, 136.00 ,บาท/แผง
16191,BILAXTEN KIDS 10 MG 10'S ชนิดเม็ดแตกตัวในปาก,115, 115.00 ,บาท/แผง
14730,BILOBA PLUS60 MG 3X10'S (MSP),144, 144.00 ,บาท/กล่อง
13793,BINOZYT 250 MG. 6'S,115, 115.00 ,บาท/กล่อง
16175,BIO C 1000 MG. DAILY IMU 120's,635, 635.00 ,บาท/ขวด
16253,BIO C 1000 MG. DAILY IMU แพคคู่ 120's+120's,1205," 1,205.00 ",บาท/แพค
16347,BIO C 1000 MG. DAILY IMU แพคคู่ 120's+30's,590, 590.00 ,บาท/แพค
15910,BIO C 1000 MG. DAILY IMU+30'S( คืนก่อนหมดอายุ6เดือน),225, 225.00 ,บาท/ขวด
15980,BIO C 1000 MG. DAILY IMU+60'S( คืนก่อนหมดอายุ6เดือน),378, 378.00 ,บาท/ขวด
10412,BIO C 1000MG 31'S แพคคู่ 1+1,378, 378.00 ,บาท/แพค
14183,BIO C ACEROLA PLUS 1500 MG.40'S(ขายขาดไม่รับคืน),180, 180.00 ,บาท/ขวด
15911,BIO C DAILY IMU+CHEWABLE 500 MG. 30'S( คืนก่อนหมดอายุ6เดือน),187.5, 187.50 ,บาท/ขวด
10051,BIO KHAO ไบโอขาว ยาธาตุน้ำขาว 240 ML,30.5, 30.50 ,บาท/ขวด
14666,BIO MAGNESIUM ADVANCE+D3 50'Sสินค้าใหม่,305, 305.00 ,บาท/ขวด
16337,BIO SMOOTH C 600 MG. 12X 15'S,65, 65.00 ,บาท/หลอด
12383,BIO TRUE 300ML+60ML,170, 170.00 ,บาท/ขวด
15228,BIO ZINC A CHELATE 30 'S,140, 140.00 ,บาท/ขวด
14617,BIO ZINC A CHELATE 90 'S,345, 345.00 ,บาท/ขวด
15035,BIO ZINC PLUS 90'S PAN,225, 225.00 ,บาท/กล่อง
15390,BIOCLAM TAB 10X10'S,124, 124.00 ,บาท/กล่อง
12099,BIOCLAM TAB 50X10'S,9.5, 9.50 ,บาท/แผง
10622,BIOCOXIB 120 MG 5X5'S biopharm,395, 395.00 ,บาท/กล่อง
10614,BIOCOXIB 90 MG 5X5'S biopharm,390, 390.00 ,บาท/กล่อง
11238,BIOFLOR 250 10CAPSULE /กล่อง,250, 250.00 ,บาท/กล่อง
11235,BIOFLOR 250 10ซอง/กล่อง,250, 250.00 ,บาท/กล่อง
14070,BIOFRESH 15 ML สูตร kamillosan,72, 72.00 ,บาท/ขวด
14304,BIOFRESH 5 ML สูตร kamillosan,42, 42.00 ,บาท/ขวด
11242,BIOGAIA CHEWABLE TAB 10'S,322, 322.00 ,บาท/กล่อง
12799,BIO-OIL 60 ML. 375-,275, 275.00 ,บาท/ขวด
15034,BIO-OIL BODY LOTION 175 ML.,410, 410.00 ,บาท/ขวด
12803,BIO-OIL DRY SKIN GEL 50 ML.,147, 147.00 ,บาท/กระปุก
10395,BIOPHARM CALCIUM GUMMY 8'S 12 ซอง,184, 184.00 ,บาท/กล่อง
15563,BIOPHARM FIBER GUMMY SUGAR FREE 8'S 12 ซอง,184, 184.00 ,บาท/กล่อง
10392,BIOPHARM FISH OIL GUMMY 8'S 12 ซอง,184, 184.00 ,บาท/กล่อง
10393,BIOPHARM MTV GUMMY 8'S 12 ซอง,184, 184.00 ,บาท/กล่อง
10394,BIOPHARM VITAMIN C GUMMY 8'S 12 ซอง,184, 184.00 ,บาท/กล่อง
11648,BIOTIN 60'S PAN,250, 250.00 ,บาท/กระปุก
12065,BIOTON 50'S,300, 300.00 ,บาท/ขวด
13398,BIOTRIL WOW SET 1500 MG.30+10,410, 410.00 ,บาท/กล่อง
11063,BIOZOLE 150 MG. 1'S,22, 22.00 ,บาท/แผง
14970,BISMUSALATE TAB 25X10'S,24.75, 24.75 ,บาท/แผง
10396,BISOLAX 10'S 35-,21, 21.00 ,บาท/กล่อง
14864,"BISOLVON เม็ด 10x10'S, รุ่นใหม่",485, 485.00 ,บาท/กล่อง
10401,BISOLVON สำหรับเด็ก 60 ML. 65- หมดอายุ 2/2027,48, 48.00 ,บาท/ขวด
10398,BISOLVON-X 60 ml,51, 51.00 ,บาท/ขวด
10400,BISOLVON-X ELIXIR 125 ML.,98, 98.00 ,บาท/ขวด
14735,BLACK SESAME OIL-1000 3X10'S (MSP),268, 268.00 ,บาท/กล่อง
10434,BLACKMORE ASTAXANTHIN 6 MG 30'S,437, 437.00 ,บาท/ขวด
15499,BLACKMORE BILBERRY 2500 60'S,455, 455.00 ,บาท/ขวด
14685,BLACKMORE BIO C GLUTA IMU+ 30'S,475, 475.00 ,บาท/ขวด
10423,BLACKMORE BIO FOLIC ACID 90'S( คืนก่อนหมดอายุ6เดือน),257, 257.00 ,บาท/ขวด
10429,BLACKMORE BIOTIN H+ 60'S,549, 549.00 ,บาท/ขวด
16002,BLACKMORE BUFFER C 200'S,595, 595.00 ,บาท/ขวด
10405,BLACKMORE BUFFER C 31'S,115, 115.00 ,บาท/ขวด
15838,BLACKMORE BUFFER C 75'S,230, 230.00 ,บาท/ขวด
10419,BLACKMORE CALCIUM+D3 60'S( คืนก่อนหมดอายุ6เดือน),241, 241.00 ,บาท/ขวด
10431,BLACKMORE CRANBERRY 15000+C,385, 385.00 ,บาท/ขวด
10417,BLACKMORE EPO 1000 MG.60'S( คืนก่อนหมดอายุ6เดือน),420, 420.00 ,บาท/ขวด
16119,BLACKMORE EXEC'S B 120'S( คืนก่อนหมดอายุ6เดือน),663, 663.00 ,บาท/ขวด
15912,BLACKMORE EXEC'S B 30'S( คืนก่อนหมดอายุ6เดือน),218, 218.00 ,บาท/ขวด
10406,BLACKMORE EXEC'S B 60'S( คืนก่อนหมดอายุ6เดือน),354, 354.00 ,บาท/ขวด
10430,BLACKMORE FISH OIL 1000 MG แพคประหยัด,721, 721.00 ,บาท/แพค
10418,BLACKMORE FISH OIL 1000 MG.80'S(คืนก่อนหมดอายุ6เดือน),435, 435.00 ,บาท/ขวด
10432,BLACKMORE FISH OIL MINI CAPS 30'S,180, 180.00 ,บาท/ขวด
10408,BLACKMORE GINGKO 30'S( คืนก่อนหมดอายุ6เดือน),268, 268.00 ,บาท/ขวด
13400,BLACKMORE GLUCOSAMINE 1500 MG JOINTFLEX30'S,775, 775.00 ,บาท/ขวด
10422,BLACKMORE GRAPESSED FORTE 12000 30S ( คืนก่อนหมดอายุ6เดือ,495, 495.00 ,บาท/ขวด
16323,BLACKMORE JOIN PLUS 30'S (COLLAGEN UC-II),506, 506.00 ,บาท/ขวด
15705,BLACKMORE KOALA MULTIVITAMIN +MINERAL 30 'S,238, 238.00 ,บาท/ขวด
11781,BLACKMORE LECITIN 1200 MG.100'S,344, 344.00 ,บาท/ขวด
15666,BLACKMORE LUTEIN-VIS 60'S,540, 540.00 ,บาท/ขวด
10420,BLACKMORE MARINE COLLAGEN ABSOLUTE 60'S แพคคู่,2310," 2,310.00 ",บาท/แพค
10424,BLACKMORE MARINE Q 10 30'S( คืนก่อนหมดอายุ6เดือน),768, 768.00 ,บาท/ขวด
14182,BLACKMORE MTV NUTRI 50+ 30'S( คืนก่อนหมดอายุ6เดือน),285, 285.00 ,บาท/ขวด
15637,BLACKMORE MULTI ACTIVE 50'S ขนาดใหม่,414, 414.00 ,บาท/ขวด
14651,BLACKMORE MULTI ACTIVE 30'S( คืนก่อนหมดอายุ6เดือน),246, 246.00 ,บาท/ขวด
15665,BLACKMORE MULTI B 30'S ( คืนก่อนหมดอายุ6เดือน),181, 181.00 ,บาท/ขวด
10407,BLACKMORE MULTI B 60'S ( คืนก่อนหมดอายุ6เดือน),310, 310.00 ,บาท/ขวด
14092,BLACKMORE OMEGA TRIPLE DAILY 60'S,750, 750.00 ,บาท/กล่อง
13788,BLACKMORE PROBIOTIC + DAILY BALANCE 30'S,890, 890.00 ,บาท/ขวด
14825,BLACKMORE VIS'CARE PRO + LUTEIN ( คืนก่อนหมดอายุ6เดือน),456, 456.00 ,บาท/ขวด
15704,BLACKMORES CO Q10 แพคคู่ 30+30's,1013," 1,013.00 ",บาท/แพค
12433,BLISTEX LIP (BERRY BALM),94.5, 94.50 ,บาท/แท่ง
12436,BLISTEX LIP (CLASSIC),94.5, 94.50 ,บาท/แท่ง
12434,BLISTEX LIP (MINT BALM),94.5, 94.50 ,บาท/แท่ง
15956,BLISTEX LIP INFUSION,126, 126.00 ,บาท/แท่ง
16266,BLISTEX LIP INFUSION HYDRATION,158, 158.00 ,บาท/แท่ง
16154,BLIZTIN TAB 20 mg 1x10 tab (bilastine)siam,76, 76.00 ,บาท/แผง
14984,BLOOD MONITOR NEXT HEALTH (NH-881) L CUFF,800, 800.00 ,บาท/เครื่อง
14983,BLOOD MONITOR NEXT HEALTH (NH-881) NORMAL CUFF,745, 745.00 ,บาท/เครื่อง
13824,BLOOD MONITOR NISSEI DS-11 CUFF L,1050," 1,050.00 ",บาท/กล่อง
13941,BLOOD MONITOR OMRON HEM-7120,1450," 1,450.00 ",บาท/กล่อง
10442,BLOOD MONITOR OMRON HEM-7121 มี mem 30,1350," 1,350.00 ",บาท/กล่อง
10452,BLOOD MONITOR OMRON WRIST HEM-6161,1266," 1,266.00 ",บาท/กล่อง
10456,BLOPRESS 16 MG.28'S,995, 995.00 ,บาท/กล่อง
10458,BLOPRESS 16 PLUS MG.28'S,995, 995.00 ,บาท/กล่อง
10455,"BLOPRESS 8 MG,28'S",680, 680.00 ,บาท/กล่อง
10457,BLOPRESS 8 PLUS 28'S,680, 680.00 ,บาท/กล่อง
15697,BL-T920 DIGIDTAL THERMOMETER (มีเสียง บิ๊บ),100, 100.00 ,บาท/อัน
10466,BODY GUARD 1 แพคมี 12 ชิ้น 58 mm ใหม่,135, 135.00 ,บาท/แพค
10460,BODY GUARD 12 ชิ้น 54mm,1200," 1,200.00 ",บาท/กล่อง
10462,BODY GUARD 12 ชิ้น 56 mm 190-,118, 118.00 ,บาท/แพค
10465,BODY GUARD 3 ชิ้น 54 mm (1กล่อง=48เเพค)exp 01/10/22,1675," 1,675.00 ",บาท/กล่อง
10461,BODY GUARD 3 ชิ้น 56 mm 60- 1กล่องมี 48 แพค,39.5, 39.50 ,บาท/แพค
10467,BODY GUARD 3 ชิ้น 58 mm 1 กล่องมี 48 แพค,42.25, 42.25 ,บาท/แพค
10468,BONJELA 15 GM. 119-,165, 165.00 ,บาท/หลอด
15805,BOOST GLUCOSE CONTROL 800 GM.,927, 927.00 ,บาท/กระป๋อง
14119,BOOST OPTIMUM 400 GM.กลิ่นวานิลลา,399, 399.00 ,บาท/กระป๋อง
14120,BOOST OPTIMUM 800 GM.กลิ่นวานิลลา,823, 823.00 ,บาท/กระป๋อง
13095,BOSNUM 180 MG. 10'S,50.5, 50.50 ,บาท/แผง
16007,BOSNUM 60 MG. 10'S,26, 26.00 ,บาท/แผง
16282,BOTAN HERBAL DRINK CANDY เก็กฮวย ซองละ 8 เม็ด,14, 14.00 ,บาท/ซอง
14006,BOTAN HERBAL DRINK CANDY ซองละ 8 เม็ด,14, 14.00 ,บาท/ซอง
10472,BOTAN ตลับ 2 DOZ 14- ขาว,310, 310.00 ,บาท/กล่อง
10471,BOTAN แผ่น 100 ซอง 9-,11.75, 11.75 ,บาท/แผ่น
10182,BOWA GEL .240ML. รุ่นใหม่,32.75, 32.75 ,บาท/ขวด
16053,BOWA เม็ด 2x10 เม็ด,28.5, 28.50 ,บาท/กล่อง
10473,BRAND'S เล็ก,15, 15.00 ,บาท/ชิ้น
13916,BREAST MILK STORAGE BAGS 20'S (PUREEN),39, 39.00 ,บาท/กล่อง
15733,BREAST PUMP ก้านโยก(ชนิดเก็บ) สีฟ้า,176, 176.00 ,บาท/ชิ้น
10480,BREAST PUMP ทรงตรง,25, 25.00 ,บาท/ชิ้น
16211,BRINIDIN EYE DROP 0.2% 5 ML PROSS,250, 250.00 ,บาท/ขวด
16306,"BROMSTAR 1x10'S, 7S",7.75, 7.75 ,บาท/แผง
11790,BRONAL SYRUP 60 ML.,84.5, 84.50 ,บาท/ขวด
14606,BRONCHOSOL SYRUP siam,41, 41.00 ,บาท/ขวด
16665,BRONGO SYRUP 40 ML,60, 60.00 ,บาท/ขวด
16545,BRONPECT-D 50X10'S,530, 530.00 ,บาท/กล่อง
16535,BROWN MIXT 60 ML GPO ยาแก้ไอน้ำดำองค์การ ขายขาดไม่รับคืน,21.75, 21.75 ,บาท/ขวด
11613,BRUSOFT 400 MG 10'S 1กล่องมี 6 แผงโอสถอินเตอร์,255, 255.00 ,บาท/กล่อง
15913,BRUSTAN 10X10'S มีกล่อง,160, 160.00 ,บาท/กล่อง
11608,BRUSTAN 50X10'S แผงเปลือย,690, 690.00 ,บาท/กล่อง
15217,BRYGEL NS 240 ML ขวดแก้ว สีฟ้า,58, 58.00 ,บาท/ขวด
15218,BRYGEL S 240 ML ขวดแก้ว สีชมพู,58, 58.00 ,บาท/ขวด
10494,BRYGEL tab 50x10's,9.25, 9.25 ,บาท/แผง
10492,BRYGEL 240 ML ( 65-),57.25, 57.25 ,บาท/ขวด
15433,BUBBLE-X MINT 25X10'S,8.5, 8.50 ,บาท/แผง
13169,BUCANYL FOIL 50X10'S,4.5, 4.50 ,บาท/แผง
14114,BUDESONIDE AEROSOL 200MCG 200DOSE,255, 255.00 ,บาท/ขวด
11037,BUFENAC 25 MG. 1000'S,180, 180.00 ,บาท/ขวด
11046,BUFENAC 25 MG. 100X10'S ขายยกกล่อง,208, 208.00 ,บาท/กล่อง
11043,BUFENAC FORTE 500'S,195, 195.00 ,บาท/ขวด
11042,BUFENAC FORTE 50X10'S,215, 215.00 ,บาท/กล่อง
14397,BUFENAC GEL 30 GM.,20, 20.00 ,บาท/หลอด
11597,BUFLEX 400 MG. 50 X10'S,390, 390.00 ,บาท/กล่อง
11607,BUFLEX SUSPENTION มีกล่อง,20, 20.00 ,บาท/ขวด
11593,BUFLEX 400 MG 1X500'S,358, 358.00 ,บาท/ขวด
11601,BUFLEX 600 500'S,460, 460.00 ,บาท/ขวด
11609,BUFLEX 600 MG 1 กล่อง 10 'S,18, 18.00 ,บาท/กล่อง
11605,BUFLEX 600 MG.25X10'S,305, 305.00 ,บาท/กล่อง
10745,BUGA BUGA แผ่นเจลลดไข้ 4 ชิ้น,90, 90.00 ,บาท/กล่อง
15631,BURNOFF DRAGON BLOOD 7 GM nanomed,84, 84.00 ,บาท/หลอด
11463,BURNOVA GEL 100 GM,132, 132.00 ,บาท/หลอด
14393,BURNOVA GEL 35 GM,40, 40.00 ,บาท/หลอด
11462,BURNOVA GEL PLUS 25 GM,37.5, 37.50 ,บาท/หลอด
11469,BURNOVA GEL PLUS 70 GM,72.5, 72.50 ,บาท/หลอด
15308,BURNOVA GEL PLUS DRAGON'S BLOOD 20 GM,68, 68.00 ,บาท/หลอด
15474,BURNOVA GEL PLUS DRAGON'S BLOOD 50 GM,143, 143.00 ,บาท/หลอด
15419,BURNOVA GEL PLUS PEPTIDE 25 GM,45.5, 45.50 ,บาท/หลอด
11472,BURNOVA GEL PLUS PLANKTON 25 GM,47.75, 47.75 ,บาท/หลอด
11471,BURNOVA GEL PLUS SNOW ALGAE 25 GM,47.75, 47.75 ,บาท/หลอด
14713,BURRNY GEL 30 GM.,34.5, 34.50 ,บาท/หลอด
10505,BUSCOPAN 10X10'S รุ่นใหม่ ขายยกกล่อง,349, 349.00 ,บาท/กล่อง
12126,BUSONASE 64 MCG/DOSE,125, 125.00 ,บาท/ขวด
16382,BUSONINE 32 NASAL SPRAY,61, 61.00 ,บาท/ขวด
16381,BUSONINE 64 NASAL SPRAY,96, 96.00 ,บาท/ขวด
15975,BUZETIN 10x10'S,47, 47.00 ,บาท/กล่อง
10744,BYE BYE FEVER FOR ADULTS,68, 68.00 ,บาท/กล่อง
14591,BYE BYE FEVER FOR BABY 4 piece,59.75, 59.75 ,บาท/กล่อง
10730,BYE BYE FEVER FOR CHILDREN (3ซอง6ชิ้น),69, 69.00 ,บาท/กล่อง
15608,BYE BYE FEVER FOR CHILDREN (8ซอง16ชิ้น)exp 4/2026,144, 144.00 ,บาท/กล่อง
10736,BYE BYE FEVER SUPER COOL 6 แผ่น,70, 70.00 ,บาท/กล่อง
12695,BZKIN ACNE SPOT SERUM 10ml,130, 130.00 ,บาท/กล่อง
12694,BZKIN MELAVITE CREAM 15g,130, 130.00 ,บาท/กล่อง
11856,C20 180 ML. แดง CHLORHEXIDINE 0.12%,39.5, 39.50 ,บาท/ขวด
11860,C20 180 ML. ฟ้า BLUE SALLY,42.5, 42.50 ,บาท/ขวด
16664,C20 ALCOHOL FREE 180 ML. เขียว,54, 54.00 ,บาท/ขวด
14541,C20 PLUS 180 ML. เขียว,54, 54.00 ,บาท/ขวด
11272,CADEXCIN EYE DROP,20.5, 20.50 ,บาท/ขวด
10576,CADRAMINE-V 120 ML..,27.25, 27.25 ,บาท/ชิ้น
10575,CADRAMINE-V 60 ML.,19, 19.00 ,บาท/ชิ้น
13965,CAFERGOT 10'S รุ่นใหม่,58, 58.00 ,บาท/กล่อง
10512,CALADIPHEN LOTION 100ML ตราเสือดาว,27.5, 27.50 ,บาท/ขวด
10578,CALAMINE ศิริบัญชา 60 ML,14.75, 14.75 ,บาท/ขวด
14700,CALCIFEROL 10X10'S LP ขายยกกล่อง,336, 336.00 ,บาท/กล่อง
10522,CALCIUM D REDOXON (CDR) รุ่นใหม่รสส้ม 15'S,118, 118.00 ,บาท/กล่อง
15775,CALCIUM D REDOXON (CDR)แพคคู่ 2x 15'S,193, 193.00 ,บาท/แพค
11977,CALCIUM-D CAP 20'S,70, 70.00 ,บาท/ขวด
10552,CALCIUM-D CAP 60'S,180, 180.00 ,บาท/ขวด
11945,CALCIUM-D CAP 90'S,268, 268.00 ,บาท/กระป๋อง
15242,CAL-OS 30'S,75, 75.00 ,บาท/ขวด
10510,CALSOURCE 20 'S gsk เดิมคือ CAC FORTE,256, 256.00 ,บาท/หลอด
10549,CALTAB +D 30'S,47, 47.00 ,บาท/ขวด
10540,CALTRATE 600 60'S,243, 243.00 ,บาท/กล่อง
10627,CALTRATE CHEW CHOCO 20'S,150, 150.00 ,บาท/ขวด
10546,CALTRATE PLUS 30'S,177, 177.00 ,บาท/ขวด
10543,CALTRATE PLUS 60'S,309, 309.00 ,บาท/กล่อง
10547,CALTRATE SILVER 30'S,196, 196.00 ,บาท/ขวด
10545,CALTRATE SILVER 60'S,346, 346.00 ,บาท/กล่อง
10541,CALVIN PLUS D 500 SET 3X 60'S,435, 435.00 ,บาท/แพค
10535,CALZA-PLUS 750 60'S,522, 522.00 ,บาท/ขวด
15742,CAMBIC 15 10X10'S,335, 335.00 ,บาท/กล่อง
15741,CAMBIC 7.5 10X10'S,179, 179.00 ,บาท/กล่อง
11515,CAMELLA 21'S,72, 72.00 ,บาท/แผง
11516,CAMELLA 28'S,72, 72.00 ,บาท/แผง
15603,CANASONE 0.5G 1'S,62, 62.00 ,บาท/กล่อง
10557,CANASONE C.B. CREAM 15 GM.,44, 44.00 ,บาท/หลอด
10561,CANASONE C.B. CREAM 25 GM.,66, 66.00 ,บาท/หลอด
10556,CANASONE C.B. CREAM 5 GM.,21, 21.00 ,บาท/หลอด
10560,CANASONE CREAM 10 GM.,40, 40.00 ,บาท/หลอด
10562,CANAZOL-BE CREAM 5 G.,19, 19.00 ,บาท/หลอด
10563,CANAZOL-BE CRRAM 15 G.,39, 39.00 ,บาท/หลอด
10214,CANDID หู,67, 67.00 ,บาท/ขวด
14033,CANDID-V3 200MG. 3 'S,25, 25.00 ,บาท/กล่อง
11416,CANDINOX 1'S มีเครื่องมือ,22.75, 22.75 ,บาท/กล่อง
11419,CANDINOX 6 'S,16, 16.00 ,บาท/กล่อง
11418,CANDIX 15 ML.รุ่นใหม่ 72-,22, 22.00 ,บาท/ขวด
15635,CANESTEN BALANCE VAGINAL GEL 7X5ML.,285, 285.00 ,บาท/กล่อง
10564,CANESTEN CREAM 10 GM 111-,83.5, 83.50 ,บาท/หลอด
10565,CANESTEN CREAM 20 GM,143, 143.00 ,บาท/หลอด
16745,CANESTEN O.D. CREAM 1% 15 GM.,153, 153.00 ,บาท/หลอด
10566,CANESTEN VAG 100 MG. 1x6'S (193-),157, 157.00 ,บาท/หลอด
10567,CANESTEN VAG 500 MG. 1x1'S ( 208-),170, 170.00 ,บาท/หลอด
10571,CAPIROX 20 MG 10x10'S ( 1กล่องมี 10แผง),185, 185.00 ,บาท/กล่อง
15695,CAPPLAICIN GEL 30 GM.,73.5, 73.50 ,บาท/หลอด
10828,CAPSIKA GEL 100 G. 0.0125%,147, 147.00 ,บาท/หลอด
10827,CAPSIKA GEL 60 G. 0.0125%,88, 88.00 ,บาท/หลอด
15270,CAPSIKA GEL-25 0.025% 35 GM.,73.5, 73.50 ,บาท/หลอด
14834,CAPSIKA GEL-25 G. 0.025% 15 GM.,36.75, 36.75 ,บาท/หลอด
11070,CARATEN 12.5 MG 10X10'S,685, 685.00 ,บาท/กล่อง
11071,CARATEN 25 MG 10X10'S,881, 881.00 ,บาท/กล่อง
11069,CARATEN 6.25 MG 10X10'S,590, 590.00 ,บาท/กล่อง
10554,CARBOCAL-D 1000 50X10'S,15, 15.00 ,บาท/แผง
13363,CA-R-BON CAP 10X10'S,142, 142.00 ,บาท/กล่อง
16506,CA-R-BON CAP 20X20'S,445, 445.00 ,บาท/กล่อง
14548,CARBOPECT 10'S 10X10'S ขายยกกล่อง,130, 130.00 ,บาท/กล่อง
16222,CARBOPECT SYRUP 60 ML.,16.25, 16.25 ,บาท/ขวด
14512,CARBOSTAR SYRUP 60 ML (7 STAR),23, 23.00 ,บาท/ขวด
14620,CARBOTIN SYRUP 60 ML,14, 14.00 ,บาท/ขวด
13950,CARBOTIN 500 MG. 20X10'S,21.5, 21.50 ,บาท/แผง
16276,CARDELA SCAR GEL 10 GM mck,61.5, 61.50 ,บาท/หลอด
13969,CARDENOL 10 MG 100X10'S,200, 200.00 ,บาท/กล่อง
13970,CARDENOL 40 MG 100X10'S,340, 340.00 ,บาท/กล่อง
14450,CARDIPLOT 10 MG.10X10'S สูตร madiplot,283, 283.00 ,บาท/กล่อง
14449,CARDIPLOT 20 MG.10X10'S สูตร madiplot,385, 385.00 ,บาท/กล่อง
10246,CARDIPRIN 100 MG 90'S 235-,238.5, 238.50 ,บาท/กล่อง
14148,CARDOXA 2 MG 10X10'S ขายยกกล่อง,91, 91.00 ,บาท/กล่อง
10582,CARDOXA 4 MG 10X10'S,142, 142.00 ,บาท/กล่อง
10585,CARDULA XL 4 MG. 3X10'S,688, 688.00 ,บาท/กล่อง
11879,CARINOSE 10X10'S,93, 93.00 ,บาท/กล่อง
12035,CARMINATIVE 180 ML.GPO* ขายขาดไม่รับคืน,17, 17.00 ,บาท/ขวด
12037,CARMINATIVE 450 ML GPO ขายขาดไม่รับคืน,62, 62.00 ,บาท/ขวด
14109,CARYOPIN-F 25x10'S,395, 395.00 ,บาท/กล่อง
10589,CATAFLAM 25 MG. 20'S,95.5, 95.50 ,บาท/กล่อง
10591,CATAFLAM 50 MG.,166, 166.00 ,บาท/กล่อง
10588,CATANAC 50 MG 25X10'S ขายยกกล่อง,285, 285.00 ,บาท/กล่อง
15749,Cavilon barrier cream 28 g,257, 257.00 ,บาท/หลอด
15750,Cavilon barrier cream 92 g,560, 560.00 ,บาท/หลอด
15752,Cavilon no rinse skin cleanser,450.5, 450.50 ,บาท/หลอด
15751,Cavilon no sting barrier film,659.5, 659.50 ,บาท/หลอด
16472,CAVUMOX 1 GM 5X3'S,162, 162.00 ,บาท/กล่อง
10586,CAZOSIN 2 MG. 10X10'S,135, 135.00 ,บาท/กล่อง
10584,CAZOSIN 4 MG 10X10'S,410, 410.00 ,บาท/กล่อง
10344,CB-400 1'S,5.5, 5.50 ,บาท/กล่อง
14544,CB-400 6'S,19.5, 19.50 ,บาท/กล่อง
10521,CDR FORTOS 10'S,123, 123.00 ,บาท/กล่อง
15478,CEE-1000 100'S,187.5, 187.50 ,บาท/ขวด
13507,CEE-500 SWEETLETS 10X10'S T.MAN,275, 275.00 ,บาท/กล่อง
10599,CEFSPAN 10X10'S,2350," 2,350.00 ",บาท/กล่อง
14082,CELCOX 200 MG. 1X10'S SAHAKAN,42, 42.00 ,บาท/แผง
10605,CELEBREX 200 MG 1x100'S pfizer < ขายขาดไม่รับคืน>,2300," 2,300.00 ",บาท/กล่อง
16112,CELEBREX 200 MG 5'S < ขายขาดไม่รับคืน>,120, 120.00 ,บาท/แผง
16111,CELEBREX 400 MG 5'S < ขายขาดไม่รับคืน>,188, 188.00 ,บาท/แผง
10612,CELEBREX 400 MG 6X10'S < ขายขาดไม่รับคืน>,409, 409.00 ,บาท/แผง
16209,CELECOXIB T.O. 200 MG 10'S,42, 42.00 ,บาท/กล่อง
11300,CELLUFRESH 0.4 ML UD 30 DOSE,260, 260.00 ,บาท/กล่อง
10613,CELXIB 200 MG 10'S unison,49.5, 49.50 ,บาท/กล่อง
13828,CELXIB 400 MG 10'S unison,89.75, 89.75 ,บาท/กล่อง
16427,CEMOL ขาวยาว (กล่องฟ้า) 50x10's,120, 120.00 ,บาท/กล่อง
12475,CEMOL 100'S,25.75, 25.75 ,บาท/ขวด
12477,CEMOL ฟ้า ขาว 100's,26.75, 26.75 ,บาท/ขวด
15326,CENCOPAN S 50X10'S,9, 9.00 ,บาท/แผง
10629,CENTRUM 100'S,677, 677.00 ,บาท/ขวด
10626,CENTRUM 30'S รุ่นใหม่,225, 225.00 ,บาท/ขวด
10633,CENTRUM SILVER 50+ DS 90'S รุ่นใหม่,760, 760.00 ,บาท/ขวด
10632,CENTRUM SILVER 50+ DS รุ่นใหม่ 30'S,280, 280.00 ,บาท/ขวด
14838,CEPHADOL 20X10'S,380, 380.00 ,บาท/กล่อง
10603,CEPHALEX 500 MG. 10X10'S bkk,320, 320.00 ,บาท/กล่อง
11191,CERA (ORS) 4.2 gm 100 ซอง cmed,149, 149.00 ,บาท/กล่อง
11192,CERA 25 gm ผลไม้รวม 50 ซองcmed,145, 145.00 ,บาท/กล่อง
15893,CERA 25 gm รสส้ม 50 ซองcmed,148, 148.00 ,บาท/กล่อง
11194,CERA PLUS 25 gm +COLLAGEN รสMIXBERRY 10 ซองcmed,71, 71.00 ,บาท/กล่อง
11193,CERA PLUS 25 gm +MTV รสทับทิม 10 ซองcmed,71, 71.00 ,บาท/กล่อง
15121,CERAVE MOISTURISING CREAM 454 GM. ผิวแห้ง-แห้งมาก,570, 570.00 ,บาท/ขวด
15888,CERAVE MOISTURISING CREAM 454 GM. แพคคู่ ผิวแห้ง-แห้งมาก,965, 965.00 ,บาท/แพค
15120,CERAVE MOISTURISING LOTION 473 ML. ผิวธรรมดา-แห้ง,475, 475.00 ,บาท/ขวด
15889,CERAVE MOISTURISING LOTION 473 ML. แพคคู่ ผิวธรรมดา-แห้ง,780, 780.00 ,บาท/แพค
15118,CERAVE BLEMISH CONTROL CLENSER 236 ml. ทำความสะอาดผิวมันสิว,364, 364.00 ,บาท/ขวด
14598,CERAVE cream to foam cleanser 100 ml.(ล้างและเช็ดใน 1 ขั้นต,211, 211.00 ,บาท/ขวด
15517,CERAVE creamy to foam cleanser 236 ml.(ล้างและเช็ดใน 1 ขั้นต,390, 390.00 ,บาท/ขวด
15119,CERAVE FACIAL MOISTURISING LOTION 52 ML.,435, 435.00 ,บาท/ขวด
15516,CERAVE foaming cleanser 236 ml. (ขจัดความัน ต้นเหตุสิว),352, 352.00 ,บาท/ขวด
14597,CERAVE foaming cleanser 88 ml. (ขจัดความัน ต้นเหตุสิว),189, 189.00 ,บาท/ขวด
16352,CERAVE foaming cleanser 88 mll. X 6 ( BOX SET),1030," 1,030.00 ",บาท/แพค
15515,CERAVE hydrating cleanser 236 ml. ทำความสะอาดผิวแห้งมาก,312, 312.00 ,บาท/ขวด
14594,CERAVE hydrating cleanser 88 ml. ทำความสะอาดผิวแห้งมาก,141, 141.00 ,บาท/ขวด
16351,CERAVE hydrating cleanser 88 ml.X 6 ( BOX SET),790, 790.00 ,บาท/แพค
14595,CERAVE moisturising cream 50 ml. 1.69 oz เนื้อครีมเข้มข้น,143.5, 143.50 ,บาท/ขวด
16350,CERAVE moisturising cream 50 ml. X 6 ( BOX SET),810, 810.00 ,บาท/แพค
14596,CERAVE moisturising lotion 88 ml. 3 oz เนื้อโลชั่นบางเบา,185, 185.00 ,บาท/ขวด
16349,CERAVE moisturising lotion 88 ml. X 6 ( BOX SET),1030," 1,030.00 ",บาท/แพค
15229,CERAVE Resurfacing Retinol Serum 30 ml.,519, 519.00 ,บาท/ขวด
14599,CERAVE SA SMOOTHING cleanser 8 oz ล้างและผลัดเซลผิว,369, 369.00 ,บาท/ขวด
15883,CERAVE SA SMOOTHING cleanser 88 ml ล้างและผลัดเซลผิว,185, 185.00 ,บาท/ขวด
15231,CERAVE Skin Renewing Vitamin C Serum 30 ML.,649, 649.00 ,บาท/หลอด
11256,CERAZETTE 28'S,186, 186.00 ,บาท/กล่อง
15300,CERUVIN 3X10'S RANBEXY,255, 255.00 ,บาท/กล่อง
11544,CESOLINE 25 MG. 50X10'S (hydralazine) CPL,13.5, 13.50 ,บาท/แผง
10649,CETAB SYRUP 60 ML,20, 20.00 ,บาท/ขวด
16389,CETAPHIL GENTLE EXFOLIATING SA CLEANSER 236 ML.,320, 320.00 ,บาท/ขวด
12886,CETAPHIL GENTLE SKIN CLEANSER 4 OZ,162, 162.00 ,บาท/ขวด
12888,CETAPHIL GENTLE SKIN CLEANSER 500ML,409, 409.00 ,บาท/ขวด
15520,CETAPHIL HYDRATING FOAMING CREAM CLEANSER 236 ML,318.5, 318.50 ,บาท/ขวด
12887,CETAPHIL MOISTURIZING CREAM 100 GM.,172, 172.00 ,บาท/หลอด
15872,CETAPHIL MOISTURIZING CREAM 453 GM.,653, 653.00 ,บาท/กระปุก
14576,CETIRIZIN 50X10'S สหแพทย์ ขายยกกล่อง,115, 115.00 ,บาท/กล่อง
10643,CETRICIN SYRUP 60 ML.,15.5, 15.50 ,บาท/ขวด
14452,CETRIZET. 10X10'S sun pharma,0, -   ,บาท/
10655,CETRIZIN T.O 50X10'S,260, 260.00 ,บาท/กล่อง
10642,CETRIZIN 10x10t T.O,62, 62.00 ,บาท/กล่อง
10644,CETTEC 10X10'S,52, 52.00 ,บาท/กล่อง
10650,CETTEC SYRUP 100 ML.,20.75, 20.75 ,บาท/ขวด
13506,C-FORCE 100'S 7 STAR,279, 279.00 ,บาท/ขวด
10681,CHA FITNE 20 G. ซิป 10ซอง รุ่นใหม่ 57-,40.75, 40.75 ,บาท/ซอง
10662,CHA FITNE 40 G. ซิป 98-,70, 70.00 ,บาท/ชิ้น
10663,CHA FITNE 80 G. ซิป,127, 127.00 ,บาท/ชิ้น
10664,CHA FITNE เก็กฮวย 20 G. ซิป 57-,40.75, 40.75 ,บาท/ชิ้น
10665,"CHA FITNE เก็กฮวย 37.5 G,ซิป 98-",70, 70.00 ,บาท/ชิ้น
10677,CHA FITNE เก็กฮวย 75 G. ซิป 178-,127, 127.00 ,บาท/ชิ้น
10666,CHA FITNE ชาเขียว 18.80 G. 57-,40.75, 40.75 ,บาท/ชิ้น
10667,CHA FITNE ชาเขียว 35.25 G.98-,70, 70.00 ,บาท/ชิ้น
10671,CHA FITNE ชาเขียว 70.50 G,127, 127.00 ,บาท/ชิ้น
15860,CHA FITNE แบลคเคอร์แรนท์ 33.75 G. ซิป 15 ซอง,70, 70.00 ,บาท/ซอง
14030,CHA FITNE สตรอเบอร์รี่ 25.8 G ซิป 12 ซอง,70, 70.00 ,บาท/ซอง
10659,CHA งามระหง ชง 30 ซอง 90-,59.5, 59.50 ,บาท/ชิ้น
10660,CHA งามระหง เม็ด 80 T ใหม่ 45-,37.25, 37.25 ,บาท/ชิ้น
10668,CHA ชาเม็ดตราใบแก้ว กล่อง รุ่นใหม่ 25-,278, 278.00 ,บาท/โหล
14078,CHALKCAP- 1000 10X10'S ขายยกกล่อง,175, 175.00 ,บาท/กล่อง
16204,CHAMO-LICO propolis plus 20 ml,61, 61.00 ,บาท/ขวด
16272,CHEMTRUE CASSETTE amphetamine strip แบบหยด,20, 20.00 ,บาท/กล่อง
16690,CHEMTRUE COVID-19 (sars-cov-2)atk ขายขาดไม่รับคืน,15, 15.00 ,บาท/กล่อง
10685,CHLORGEST DROP,29, 29.00 ,บาท/ขวด
10690,CHLOR-PYRAD 15 GM.,14, 14.00 ,บาท/ชิ้น
11829,CHLOVAS-20 3X10'S,245, 245.00 ,บาท/กล่อง
11828,CHLOVAS-40 3X10'S,255, 255.00 ,บาท/กล่อง
16094,CHLOVAS-ZIS 20 3X10'S,268, 268.00 ,บาท/กล่อง
14868,CHLOVAS-ZIS 40 MG 3X10'S ขายยกกล่อง,255, 255.00 ,บาท/กล่อง
11931,CHOLEZZ สารสกัดจากคริล ออยล์ 30'S,535, 535.00 ,บาท/กล่อง
13416,CIALIS 20 MG. 4'S ขายขาดไม่รับคืน,1810," 1,810.00 ",บาท/กล่อง
16255,CIALIS 5 MG. 28'S ขายขาดไม่รับคืน,3525," 3,525.00 ",บาท/กล่อง
16520,CICOUGH KIDS SYRUP 100 MG 60 ML. carbocistein AMM,30, 30.00 ,บาท/ขวด
10703,CIFLOXIN 500 MG. 10'S siam,65, 65.00 ,บาท/กล่อง
10700,CIFRAN 500 MG. 10X10'S,330, 330.00 ,บาท/กล่อง
10696,CINNATAB FOIL 50X10'S,3, 3.00 ,บาท/แผง
16213,CINTAR TABLETS 10X10'S patar,36, 36.00 ,บาท/กล่อง
10704,CIPROXYL 500 MG. 10X10'S,225, 225.00 ,บาท/กล่อง
11985,CIRCADIN 2 MG. 15'S,420, 420.00 ,บาท/กล่อง
11349,CISTEINE 100 MG 60 ML.,31.75, 31.75 ,บาท/ขวด
11350,CISTEINE 250 MG 60 ML.,35.75, 35.75 ,บาท/ขวด
11352,CISTEINE TAB 375 MG. 12'S,28.25, 28.25 ,บาท/แผง
15114,CISTEINE TAB 500 MG. 10'S,40, 40.00 ,บาท/แผง
14913,CLARICARE NASAL SALINE ADULT SPRAY 100 ML.,169, 169.00 ,บาท/ขวด
15528,CLARICARE NASAL SPRAY 0.05% 15 ML,126, 126.00 ,บาท/ขวด
15373,CLARIE OD 500 MG. 7'S prolonged-relrase tablets,290, 290.00 ,บาท/กล่อง
10706,CLARITYNE TAB 10'S,130, 130.00 ,บาท/กล่อง
11753,CLARON 500 MG. 10'S,185, 185.00 ,บาท/กล่อง
14389,CLEANSINGI WIPES health impact 50 SHEET,41, 41.00 ,บาท/ห่อ
15963,Clena EX 15 g anti melasma แก้ฝ้า,131, 131.00 ,บาท/หลอด
14331,CLENASCAR 7 GM,69, 69.00 ,บาท/หลอด
11279,CLENS 100 8 ML.,112, 112.00 ,บาท/ขวด
10891,CLINDALIN GEL 5 GM. 10หลอด/กล่อง,35, 35.00 ,บาท/หลอด
10892,CLINDA-M 15 ML. 79-,43, 43.00 ,บาท/ขวด
10918,CLINDAMAN GEL 5 G.,21.5, 21.50 ,บาท/หลอด
10896,CLINDAVID- 300 MG. 10X10'S,277, 277.00 ,บาท/กล่อง
16372,CLINIBLU SYRUP 60 ML bkk,33, 33.00 ,บาท/ขวด
10945,CLINICOLD 60 ML. bk,24, 24.00 ,บาท/ขวด
10948,CLINICOLD TABET 10X10'S. bk,152, 152.00 ,บาท/กล่อง
16268,CLINIPECT 250 MG 60 ML.,44, 44.00 ,บาท/ขวด
16369,CLINIVATE CREAM 15 GM.,25, 25.00 ,บาท/หลอด
10376,CLINIVATE-N CREAM 15 GM.,29.5, 29.50 ,บาท/หลอด
16363,CLINIVATE-N CREAM 35 GM.,58.5, 58.50 ,บาท/หลอด
16655,CLINIVATE-N CREAM 5 GM.,15, 15.00 ,บาท/หลอด
10989,CLINODERM CREAM 15 GM.,39.25, 39.25 ,บาท/หลอด
14671,CLINODERM CREAM 35 GM.,80, 80.00 ,บาท/หลอด
16597,CLINODERM CREAM 5 GM.,20, 20.00 ,บาท/หลอด
15271,CLINOVIR- 800 MG. 7X5'S bkk,250, 250.00 ,บาท/กล่อง
10052,CLINOVIR CREAM 5 GM,30.5, 30.50 ,บาท/หลอด
10981,CLOBET CREAM 10 GM.,33.5, 33.50 ,บาท/หลอด
10980,CLOBET CREAM 5 GM.,23, 23.00 ,บาท/หลอด
10979,CLOBETATE 15 GM.,35, 35.00 ,บาท/หลอด
10988,CLOBETATE SCALP 0.05%,42, 42.00 ,บาท/ขวด
10987,"CLODERM 15 gm,",82, 82.00 ,บาท/กล่อง
15964,CLODERM ointment 15 gm.,82, 82.00 ,บาท/กล่อง
14816,CLODERM SCALP APPLICATION 30 ML.,120, 120.00 ,บาท/ขวด
15894,CLOPIDOGEL 10x10'S GPO ขายขาดไม่รับคืน,252, 252.00 ,บาท/กล่อง
13211,CLOPIDOGREL 2X14'S sandoz,496, 496.00 ,บาท/กล่อง
11871,CLOPIROX 15 ML.,75, 75.00 ,บาท/ขวด
14972,CLOTRIN-B CREAM 15 G.,24.5, 24.50 ,บาท/หลอด
15925,CLOVER HEBS 60 มล.,15, 15.00 ,บาท/ขวด
16553,CLOVIN CREAM 5 GM. acyclovir แอดวานซ์,15, 15.00 ,บาท/หลอด
10151,coamox 500 MG. 10X12'S BLISTER,245, 245.00 ,บาท/กล่อง
10158,COAMOX 500 MG. 500'S,670, 670.00 ,บาท/ขวด
10159,COAMOX 125 DRY ชมพู,23.5, 23.50 ,บาท/ขวด
10157,COAMOX 125 DRY ส้ม 60 ML,23.5, 23.50 ,บาท/ขวด
10160,COAMOX 250 DRY,32.25, 32.25 ,บาท/ขวด
10150,COAMOX 50X10'S ขายยกกล่อง,700, 700.00 ,บาท/กล่อง
11176,"COBAN เทปพันยืดหยุ่น 1"" MONTANA",35, 35.00 ,บาท/ชิ้น
11179,COBAN เทปพันยืดหยุ่น 2' สีน้ำตาล MONTANA,43, 43.00 ,บาท/ชิ้น
11175,COBAN เทปพันยืดหยุ่น 3' สีน้ำตาลMONTANA,55, 55.00 ,บาท/ชิ้น
10705,COBAY-500 25X10'S,329, 329.00 ,บาท/กล่อง
10717,COCLOX DRY SYRUP,25, 25.00 ,บาท/ขวด
14740,COCONUT OIL PLUS MCT OIL 3X10'S (MSP),222, 222.00 ,บาท/กล่อง
10722,COD LIVER PATAR 60'S รุ่นใหม่,45.25, 45.25 ,บาท/ขวด
11077,CO-DIOVAN 160/25 28'S,838, 838.00 ,บาท/กล่อง
11075,CO-DIOVAN 80/12.5 MG. 2X14'S,622, 622.00 ,บาท/กล่อง
11084,CODIPHEN TABLET 1X10'S,25, 25.00 ,บาท/กล่อง
10725,COLCHICINE LILY 100'S,455, 455.00 ,บาท/กล่อง
10729,COLD HOT PACK 10x25 cm size M montana,132, 132.00 ,บาท/กล่อง
10743,COLD HOT PACK 12X10.5 cm size S MONTANA,65, 65.00 ,บาท/กล่อง
14639,COLD HOT PAD 10x25 cm BIG long med,77, 77.00 ,บาท/กล่อง
14640,COLD HOT PAD 12X10.5 cm SMALL long med,40, 40.00 ,บาท/กล่อง
15976,COLD Hot Therapy Pack kids 1X2's(ประคบร้อนเย็น) หมดอายุ11/25,140, 140.00 ,บาท/กล่อง
14732,COLLAGEN 5000 MG 15 G/8 SACHETS mixberry (MSP),255, 255.00 ,บาท/กล่อง
10747,COLLOMACK 10 ML.,98.25, 98.25 ,บาท/ขวด
11219,COLOFAC 135 MG. 50'S,404, 404.00 ,บาท/กล่อง
16138,Colosure 400 GM นมเสริมภูมิคุ้มกันและกล้ามเนื้อ,378.75, 378.75 ,บาท/กระป๋อง
16479,Colosure 800 GM นมเสริมภูมิคุ้มกันและกล้ามเนื้อ,758, 758.00 ,บาท/กระป๋อง
16288,COLPERMIN 10X10 ขายยกกล่อง,755, 755.00 ,บาท/กล่อง
15155,COMBIC 33 60 ML.,50, 50.00 ,บาท/ขวด
15498,COMBIF AR 3x10'S รุ่นแถม 10'S,405, 405.00 ,บาท/กล่อง
11237,COMBIF AR 10'S,168, 168.00 ,บาท/กล่อง
10751,COMBIZYM (TAB) 10X10'S exp 1/2027 มีล๊อตเดียว,722, 722.00 ,บาท/กล่อง
12418,COMFORT 100,98.5, 98.50 ,บาท/กล่อง
15982,COMFY LOZENGE Honey Lime&Mint 1X8'S,15, 15.00 ,บาท/กล่อง
10750,CON CON 15 ML.,41, 41.00 ,บาท/ขวด
12795,CONCEPT SCAR GEL PLUS 7 GM,169, 169.00 ,บาท/หลอด
10754,CONCOR 2.5 10X10'S,610, 610.00 ,บาท/กล่อง
10756,CONCOR 5 10X10,842, 842.00 ,บาท/กล่อง
10758,"CONFORMING longmed 2""X5Y ( ขายยกกล่อง )",53, 53.00 ,บาท/โหล
10759,"CONFORMING longmed 3""x5y ( ขายยกกล่อง )",75, 75.00 ,บาท/โหล
10762,"CONFORMING longmed 4""x5y ( ขายยกกล่อง )",96, 96.00 ,บาท/โหล
11883,CONTROLOC 20 MG. 14'S,614, 614.00 ,บาท/กล่อง
11884,CONTROLOC 40 MG. 14'S,806, 806.00 ,บาท/กล่อง
15463,COOL BABY เจลลดไข้เด็กเล็ก 3x2's(0-24 เดือน;NANOMED),54, 54.00 ,บาท/กล่อง
15466,COOL KIDS EXTRA COOL เจลเย็นพิเศษสดชื่น 3x2's(NANOMED),54, 54.00 ,บาท/กล่อง
15464,COOL KIDS เจลลดไข้เด็กโต 3X2'S (NANOMED),54, 54.00 ,บาท/กล่อง
15467,COOL TEMP SOOTHING ROLLER BALL ลูกกลิ้งนวดขมับ,78, 78.00 ,บาท/อัน
15465,COOL TEMP เจลลดไข้ผู้ใหญ่ 3x2's(NANOMED),54, 54.00 ,บาท/กล่อง
11039,COOLNAC GEL 30 GM. DICLOFENAC CCB,25, 25.00 ,บาท/หลอด
15578,COOLPAD CHILDREN (1ซอง/กล่องx2แผ่น)kress,23.75, 23.75 ,บาท/กล่อง
11606,COPROFEN 400 MG.50X10'S,440, 440.00 ,บาท/กล่อง
11603,COPROFEN SYRUP 60 ML.,18.5, 18.50 ,บาท/ขวด
14799,CORDED REUSABLE EARPLUGS 1คู่,75, 75.00 ,บาท/ชิ้น
12765,COROXIN 150 MG. 10X10'S,145, 145.00 ,บาท/กล่อง
12762,COROXIN 300 MG. 10X10'S,270, 270.00 ,บาท/กล่อง
11928,COSANAL สารสกัดจากเปลือกอ้อย 30'S,340, 340.00 ,บาท/ขวด
11285,COSOPT EYE DROP 5 ML.,520, 520.00 ,บาท/ขวด
15574,COTREN VAGINAL TABLET 1'S,22, 22.00 ,บาท/กล่อง
10784,COTTON ( KARISMA ) KING SIZE,30, 30.00 ,บาท/ห่อ
10781,COTTON ( KARISMA ) แผ่นกลม 80 แผ่น,25.5, 25.50 ,บาท/ห่อ
10780,COTTON ( KARISMA )BALL40 GM.,12.25, 12.25 ,บาท/ห่อ
10783,COTTON ( KARISMA )แผ่น 50 GM.,19.25, 19.25 ,บาท/ห่อ
10782,COTTON ( KARISMA )แผ่น single sheet 100 แผ่น,25, 25.00 ,บาท/ห่อ
10777,COTTON BUD 100 ก้านรถพยาบาล,12, 12.00 ,บาท/ห่อ
10778,COTTON SINGLE SHEET แผ่นเดี่ยว 100 แผ่น รถพยาบาล,26.5, 26.50 ,บาท/ห่อ
10776,COTTON WOOL (17-) 12GM.(1ห่อมี 50 แผ่น),312.5, 312.50 ,บาท/ห่อ
10771,COTTON WOOL (2-)(1ห่อมี 50 แผ่น),1.32, 1.32 ,บาท/แผ่น
10773,COTTON WOOL (85-)200g พยาบาลม้วน,49, 49.00 ,บาท/ม้วน
14546,COTTON WOOL ก้อน longmed 40GM,13, 13.00 ,บาท/ห่อ
14517,COTTON WOOL ก้อน รถพยาบาล0.35 GMน้ำหนัก 20 กรัม,7.25, 7.25 ,บาท/ห่อ
10774,COTTON WOOL ก้อน รถพยาบาล40GM 32-,13.75, 13.75 ,บาท/ห่อ
10775,COTTON WOOL แผ่น รถพยาบาล50 GM.,20, 20.00 ,บาท/ชิ้น
14438,COTTON WOOL แผ่นกลม รถพยาบาล 80 แผ่น,25.5, 25.50 ,บาท/ชิ้น
10772,COTTON WOOL รถพยาบาล(27-) 25GM พยาบาลม้วน,10.25, 10.25 ,บาท/ม้วน
14026,COTTON แผ่น แบบรีดข้าง รถพยาบาล 100 แผ่น 50 กรัม,26.5, 26.50 ,บาท/ห่อ
11001,COUGO 5X4'S,18.75, 18.75 ,บาท/กล่อง
10815,COUNTERPAIN 120 GM 1ลังมี 24 หลอด,126, 126.00 ,บาท/หลอด
10817,COUNTERPAIN 30 GM 1ลังมี 60 หลอด,42, 42.00 ,บาท/หลอด
10816,COUNTERPAIN 60 GM 1ลังมี 30 หลอด,72, 72.00 ,บาท/หลอด
10820,COUNTERPAIN COOL 120 GM 1ลังมี 24 หลอด,133.5, 133.50 ,บาท/หลอด
10818,COUNTERPAIN COOL 30 GM 1ลังมี 60 หลอด,49.5, 49.50 ,บาท/หลอด
10819,COUNTERPAIN COOL 60 GM 1ลังมี 30 หลอด,79, 79.00 ,บาท/หลอด
14649,COUNTERPAIN PLASTER COOL 1 กล่องมี 10 ซอง ขายยกกล่อง,535, 535.00 ,บาท/กล่อง
14650,COUNTERPAIN PLASTER WARM 1 กล่องมี 10 ซอง ขายยกกล่อง,535, 535.00 ,บาท/กล่อง
16609,COUNTERPAIN PLASTER SAKURA (กลิ่น ซากุระ),59.5, 59.50 ,บาท/กล่อง
16608,COUNTERPAIN PLASTER WHITE TEA(กลิ่น ไวท์ที),59.5, 59.50 ,บาท/กล่อง
10821,COUNTERPAIN PLUS 25 GM.,121, 121.00 ,บาท/หลอด
10823,COUNTERPAIN PLUS 50 GM.,205, 205.00 ,บาท/หลอด
10837,COVERSYL 5 MG. 30'S,474, 474.00 ,บาท/ขวด
10836,COVERSYL ARGININE PLUS 5/1.25 MG. 30'S,475, 475.00 ,บาท/กล่อง
13401,COXIUM CAPSULE 500 MG. 10X10'S,238.5, 238.50 ,บาท/กล่อง
13403,COXIUM POWDER 1500 MG. 1X30 SACH,310, 310.00 ,บาท/กล่อง
13921,COXIUM TABLET 1500 MG. 1X30 'S,300, 300.00 ,บาท/กล่อง
14060,COXMULTIVIT SYRUP 60 ML.,36, 36.00 ,บาท/ขวด
10838,COZARR 50 MG 30'S,900, 900.00 ,บาท/กล่อง
10687,CPM 4 mg.เม็ดเหลือง 1X100 's asu,6.25, 6.25 ,บาท/ขวด
10867,CRAVIT 500 MG 5'S,370, 370.00 ,บาท/กล่อง
10868,CRAVIT OPHTHALMIC 5 ML. Levofloxacin,127, 127.00 ,บาท/ขวด
15262,CRAXACIN 500 MG 10'S,90, 90.00 ,บาท/กล่อง
11198,CREAM 91E,43.5, 43.50 ,บาท/ชิ้น
15079,CREON 10000 1X 10'S,205, 205.00 ,บาท/กล่อง
11814,CRESTOR 10 MG. 28'S,1010," 1,010.00 ",บาท/กล่อง
11813,CRESTOR 20 MG. 28'S,1520," 1,520.00 ",บาท/กล่อง
11754,CRIXAN 500 MG. 5X14'S,270, 270.00 ,บาท/แผง
16611,CROBREL moist ointment plus 20 g,66.5, 66.50 ,บาท/หลอด
15926,CT-KAPROLIS PLUS MOUTH SPRAY 15 ML,62, 62.00 ,บาท/ขวด
12993,CUTICELL C 10 CM X10CM,90, 90.00 ,บาท/กล่อง
10900,CYBELE SCA KIDS 9 GM.,138, 138.00 ,บาท/หลอด
10907,CYBELE SCAGEL UV SPF 30 9 GM.,148, 148.00 ,บาท/หลอด
10906,CYBELE SCAGEL UV SPF 30 19 GM.,270, 270.00 ,บาท/หลอด
10901,CYBELE SCAGEL 19 GM,250, 250.00 ,บาท/หลอด
10905,CYBELE SCAGEL 4 GM.,69, 69.00 ,บาท/หลอด
10895,CYBELE SCAGEL 9 GM.,137, 137.00 ,บาท/หลอด
14999,CYBELE SCAGEL19G +19 gm.แพคคู่,350, 350.00 ,บาท/แพค
15379,CYBELE SCAGEL19GM+ SPF30 แพคคู่กันแดด,320, 320.00 ,บาท/แพค
15129,CYBELE SCAGELPLUS 10 GM.,201, 201.00 ,บาท/หลอด
10873,CYCLO-PROGYNOVA 21'S,166, 166.00 ,บาท/กล่อง
13948,CYPROHEPTADINE 1000.S ขาวกลม,100, 100.00 ,บาท/ขวด
14582,CYSTALINE 600 แบบแผง 1x5x4'S,168, 168.00 ,บาท/กล่อง
11376,CYSTALINE 600 หลอด 10'S,104, 104.00 ,บาท/กล่อง
15259,D THROAT SPRAY 0.15% 15 ML. LEMON สำหรับเด็ก,162, 162.00 ,บาท/กล่อง
15258,D THROAT SPRAY 0.3% 15 ML. LEMON,162, 162.00 ,บาท/กล่อง
15257,D THROAT SPRAY 0.3% 15 ML. MINT,162, 162.00 ,บาท/กล่อง
16184,D THROLIS KIDS MOUTH SPRAY 10 ML. stada,100, 100.00 ,บาท/กล่อง
10893,DACIN-F 300 10X10'S,320, 320.00 ,บาท/กล่อง
10882,DAFLON 1000 MG 3x10'S servier,583, 583.00 ,บาท/กล่อง
10877,DAFLON 500 MG 2x15'S servier,290, 290.00 ,บาท/กล่อง
11028,DAFNE 35 1X21'S,90.75, 90.75 ,บาท/กล่อง
10878,DAFOMIN 500 MG. 3X10'S,135, 135.00 ,บาท/กล่อง
10881,DAFOMIN 500 MG.30X10'S,990, 990.00 ,บาท/กล่อง
15676,DAILYTON 20x1x28's(MASA),62.5, 62.50 ,บาท/แผง
11675,DAINOX CAP 1000'S,250, 250.00 ,บาท/ขวด
10886,DAIVOBET OINTMENT 15 GM.,555, 555.00 ,บาท/หลอด
10883,DAIVONEX calcipotriol 50 mcg/g. 30 gm,578, 578.00 ,บาท/หลอด
10884,DAIVONEX SCALP 30 ML.,630, 630.00 ,บาท/ขวด
10889,DALACIN-T SOLU 10 ML,82.5, 82.50 ,บาท/ขวด
15178,DANDRIL100 ML.,68, 68.00 ,บาท/ขวด
10928,DAONIL 100 เม็ด,300, 300.00 ,บาท/กล่อง
11188,D-CHAMP 50 ซอง มะนาว,146, 146.00 ,บาท/กล่อง
11183,D-CHAMP 50 ซอง ส้ม,146, 146.00 ,บาท/กล่อง
11008,D-COAT 500'S,510, 510.00 ,บาท/ขวด
11010,D-COAT 50X10'S **ร้านละ 1 กล่อง**,510, 510.00 ,บาท/กล่อง
10939,DEANXIT 10x10'S ขายขาดไม่รับคืน 4/2027,530, 530.00 ,บาท/ขวด
10941,DECOLGEN PRIN,188, 188.00 ,บาท/กล่อง
16504,DEEDAY BIO C& Multivitaminn Plus Elderberry 120 ml,189, 189.00 ,บาท/กล่อง
16502,DEEDAY BIOMAG PLUS VITAMINS 3X10'S,147, 147.00 ,บาท/กล่อง
16503,DEEDAY BIOTIN (H) PLUS ZINC 6X10'S,180.5, 180.50 ,บาท/กล่อง
14725,DEEDAY LUTI-BERRY MIXED 30'S SOFTGEL,211.5, 211.50 ,บาท/กล่อง
14042,DEFUNGO 1 เม็ด 0.5 gm ขายขาดไม่รับคืน,25.25, 25.25 ,บาท/กล่อง
14215,DEFUNGO 6 เม็ด 0.1 G.,25.25, 25.25 ,บาท/กล่อง
14400,DEFUNGO CREAM 10 gm,41, 41.00 ,บาท/กล่อง
12894,DEHECTA 20 POUCHES macrophar,466, 466.00 ,บาท/กล่อง
15442,DEHEC-Z 60 ML. (ZINC SYRUP 15MG/5ML ),75, 75.00 ,บาท/ขวด
13365,DELTACARBON 10X10'S,225, 225.00 ,บาท/กล่อง
14111,DELTACARBON รุ่นใหม่ 10'S,24, 24.00 ,บาท/แผง
14349,DELTACHARCOAL รุ่นใหม่ 10'S,100, 100.00 ,บาท/กล่อง
14391,DELYTE-ORS รสส้ม 10 ซอง,40, 40.00 ,บาท/กล่อง
15068,DENAC GEL 30 GM.,25, 25.00 ,บาท/หลอด
16058,DENOX SPRAY 0.05% (สูตร OTRIVIN),72, 72.00 ,บาท/ขวด
16057,DENOX SPRAY 0.1% (สูตร OTRIVIN),83, 83.00 ,บาท/ขวด
15398,DENTISTE HYGENIC BREATH SPRAYสเปรย์ระงับกลิ่นปาก 15 ml,118, 118.00 ,บาท/อัน
15554,DENTISTE KIDS GUM&TEETH ULTRASOFT คละสี,58, 58.00 ,บาท/อัน
