รหัสสินค้า,ชื่อสินค้า,ราคา
1190001,3M CAVILON DURABLE CREAM 28G,261.00
1190002,3M CAVILON DURABLE CREAM 92G,559.00
1190003,3M CAVILON NO STING FILM SPRAY 28ML,654.00
1190004,3M CAVILON NO-RINSE SKIN CLEANSER 236ML,456.00
1190006,ACCU-CHEK ACTIVE SET,990.00
1190007,ACCU-CHEK ACTIVE STRIP 25'S,424.00
1190009,ACCU-CHEK FASTCLIX 24'S (GUIDE) เข็ม,88.00
1190010,ACCU-CHEK GUIDE SET (WIRELESS),2170.00
1190012,ACCU-CHEK GUIDE STRIP 25'S,444.00
1190014,ACCU-CHEK INSTANT STRIP 25'S,429.00
1190017,ACCU-CHEK SOFTCLIX LANCETS 200'S เข็ม,530.00
1190018,ACCU-CHEK SOFTCLIX 25'S เข็ม,81.00
1190019,ACCU-CHEK SOFTCLIX PEN+LANCETS 25'S,545.00
1190020,ALCON NAPHCON-A 15ML,92.00
1190022,ALCON TEARS NATURALE FREE 0.03OZx32'S,315.00
1190023,DURATEARS 3.5G,107.00
1190024,GENTEAL GEL 10G,162.00
1190026,SYSTANE ULTRA E/D 10ML,153.00
1190027,SYSTANE ULTRA UD 0.5MLx28'S,322.00
1190028,VITALUX PLUS 30'S,303.00
1190029,PRED FORTE 1% 5ML,88.00
1190033,CELLUFRESH UD 0.4ML 30TUB,252.00
1190034,COMBIGAN ED 5ML (ALLERGAN),405.00
1190036,FML LIQUIFILM 5ML,87.00
1190037,LUMIGAN EYE DROP 0.01% 3ML,387.00
1190038,RELESTAT 5ML (ALLERGAN),282.00
1190040,CRESTOR 10MG 2x14'S,1065.00
1190041,CRESTOR 20MG 2x14'S,1590.00
1190042,FORXIGA 10MG 3x10'S (BLISTER),1550.00
1190044,SYMBICORT TURBU 160/4.5 120D,1160.00
1190045,SYMBICORT TURBU 160/4.5 60D,795.00
1190049,NEXIUM 20MG 2x7'S,540.00
1190050,NEXIUM 40MG 2x7'S,760.00
1190051,PLENDIL 10MG 30'S,507.00
1190053,PLENDIL 5MG 30'S,362.00
1190056,ZESTRIL 10MG 2x14'S,374.00
1190057,NAPROSYN LE 250MG 10x10'S,750.00
1190058,SYNFLEX 275MG 10x6'S,575.00
1190061,CYBELE SCAGEL 9G,145.00
1190063,CYBELE SCAGEL KIDS 9G,142.00
1190065,ACTEWOUND 4x6CM 2'S,141.00
1190066,ACTEWOUND 7x15CM 1PCS,285.00
1190069,SOS THERMOMETER DIGITAL (BLUE),84.00
1190070,"SOS ผ้าก๊อซ S SERIES 2x2"" (8x8CM) 4'S",31.00
1190071,"SOS ผ้าก๊อซ S SERIES 2x4"" (9x15CM) 3'S",55.00
1190072,"SOS ผ้าก๊อซ S SERIES 3x3"" (12x12CM) 3'S",35.75
1190073,"SOS ผ้าก๊อซ S2 1.25x1.5"" (6x7CM) 5'S",27.00
1190074,"SOS ผ้าก๊อซ S3 1.25x2.75"" (6x10CM) 4'S",29.50
1190076,"SOS ผ้าก๊อซ S SERIES 2x6"" (10x20CM) 2'S",54.00
1190077,SOS ผ้าก๊อซ S1-B (3x7CM) 10'S,22.00
1190078,"SOS พลาสเตอร์กันน้ำ T SERIES 2x2"" (8x8CM) 3'S",31.00
1190079,"SOS พลาสเตอร์กันน้ำ T SERIES 2x4"" (9x15CM) 2'S",53.00
1190080,"SOS พลาสเตอร์กันน้ำ T SERIES 2x6"" (10x20CM) 2'S",68.00
1190081,SOS พลาสเตอร์กันน้ำ T1 (2.5x5.6CM) 10'S,21.00
1190082,"SOS พลาสเตอร์กันน้ำ T2 1.25x1.5"" (6x7CM) 3'S",26.00
1190083,"SOS พลาสเตอร์กันน้ำ T3 1.25x2.75"" (6x10CM) 2'S",29.50
1190084,"SOS พลาสเตอร์กันน้ำ T4 2x7.75""(10x25CM) 2'S",80.00
1190085,SOS พลาสเตอร์ปิดแผล P1 KITTY (KTM01) 8'S,14.00
1190088,BEPANTHEN FIRST AID 30G,128.00
1190089,BEPANTHEN OINTMENT 30G,135.00
1190090,BEPANTHEN OINTMENT 50G,192.00
1190091,BEPANTHEN SENSIDERM CREAM 20G,280.00
1190092,BEROCCA FRUITY FLAVOUR 15'S,171.00
1190093,BEROCCA ORANGE FLAVOUR 15'S,171.00
1190094,CANESTEN CREAM 10G,83.00
1190095,CANESTEN CREAM 20G,142.00
1190096,CANESTEN O.D. CREAM 10G,139.00
1190098,CANESTEN VT.0.5G 1'S,168.00
1190099,CDR 15'S (ORANGE),119.00
1190100,CDR FORTOS 10'S (เม็ดฟู่),122.00
1190101,CLARITYNE 10MG 1x10'S,131.00
1190103,GARAMYCIN CREAM 0.1% 15G,102.00
1190106,VAPEX 14CC (L),64.00
1190107,VAPEX 2IN1 12x1PCS,235.00
1190108,VAPEX 5CC (S),29.50
1190109,ZAMBUK 36G,63.00
1190110,ZAMBUK HR 24x18G (M),36.00
1190111,ZAMBUK HR 48x8G (S),24.00
1190112,ANDROCUR 50MG 5x10'S,586.00
1190113,AVELOX 400MG 5'S,562.00
1190114,CIPROBAY 500MG 3x10'S,1930.00
1190116,CYCLO-PROGYNOVA 21'S,165.00
1190118,MICROGYNON 30 ED 28'S,54.00
1190120,PROGYNOVA 1MG 3x28'S,475.00
1190121,PROGYNOVA 2MG 3x28'S,493.00
1190123,DIANE 35 21'S,162.00
1190126,YASMIN 21'S,339.00
1190127,YAZ 28'S,376.00
1190128,EUCERIN ANTI-DANDRUFF GEL SHAMPOO 250ML,414.00
1190130,EUCERIN BABY WASH SHAMPOO 400ML,449.00
1190131,EUCERIN DERMO CAPILLAIRE MILD SHAMPOO 250ML,297.00
1190145,EUCERIN LIP ACTIVE 4.8G,214.00
1190148,EUCERIN PH5 HYDRO SERUM 400ML,425.00
1190149,EUCERIN PH5 LOTION SENSITIVE 250ML,267.00
1190150,EUCERIN PH5 LOTION SENSITIVE 400ML,422.00
1190151,EUCERIN PH5 LOTION-F SKIN 400ML,426.00
1190152,EUCERIN PH5 SENSITIVE FACIAL CLEANSER 400ML,442.00
1190154,EUCERIN PH5 SHOWER OIL 400ML,549.00
1190156,EUCERIN PH5 WASH LOTION 1000ML,627.00
1190158,EUCERIN PH5 WASH LOTION 400ML,294.00
1190159,EUCERIN PRO ACNE A.I. MATT FLUID 50ML,742.00
1190161,EUCERIN PRO ACNE A.I. TREATMENT 40ML,824.00
1190171,EUCERIN SUN DRY TOUCH BODY SPF50 200ML,1040.00
1190176,EUCERIN SUN DRY TOUCH ACNE OIL CONTROL 50ML,1046.00
1190178,EUCERIN SUN HYDRO ULTRA-LIGHT FLUID SPF50 50ML,897.00
1190179,EUCERIN SUN FACE SPF50 CREAM 50ML,970.00
1190181,EUCERIN SUN SERUM AGE REPAIR 50ML,1046.00
1190183,EUCERIN THINNING HAIR SHAMPOO 250ML,412.00
1190184,EUCERIN ULTRA AQUA PORIN GEL CREAM 50ML,634.00
1190193,EUCERIN ULTRA Q10X NIGHT 50ML,1009.00
1190204,BLACKMORES ASTAXANTHIN 6MG PLUS 30'S,444.00
1190205,BLACKMORES BILBERRY 2500MG 60'S,455.00
1190210,BLACKMORES BIO-E 250IU 60'S,376.00
1190211,BLACKMORES BIO-E 500IU 60'S,588.00
1190213,BLACKMORES BIOTIN H+ 60'S,532.00
1190215,BLACKMORES BUFFERED-C 500MG 200'S,777.00
1190216,BLACKMORES BUFFERED-C 500MG 31'S,148.00
1190217,BLACKMORES BUFFERED-C 500MG 75'S,322.00
1190218,BLACKMORES BIO CALCIUM+D3 500MG 120'S,455.00
1190221,BLACKMORES CO-Q10 30'S,549.00
1190222,BLACKMORES CRANBERRY 15000+C 60'S,424.00
1190223,BLACKMORES ECHINACEA FORTE 60'S,422.00
1190224,BLACKMORES EVENING PRIMROSE OIL1000MG 60'S,415.00
1190225,BLACKMORES EXEC-B 120'S,654.00
1190226,BLACKMORES EXEC-B 60'S,364.00
1190227,BLACKMORES FISH OIL 1000MG 2x80'S (VALUE PACK),694.00
1190228,BLACKMORES FISH OIL1000MG 80'S,388.00
1190230,BLACKMORES GINKGO 30'S,255.00
1190231,BLACKMORES GLUCOSAMINE 500MG 90'S,770.00
1190232,BLACKMORES GRAPE SEED FORTE 12000MG 30'S,492.00
1190233,BLACKMORES HYPERIFORTE 30'S,327.00
1190236,BLACKMORES LECITHIN 1200MG 100'S,344.00
1190237,BLACKMORES LIQUID ECHINACEA 50ML,385.00
1190238,BLACKMORES LUTEIN-VIS 60'S,559.00
1190243,BLACKMORES MULTI ACTIVE 30TAB,247.00
1190245,BLACKMORES MULTI-B 120'S,507.00
1190246,BLACKMORES MULTI-B 60'S,322.00
1190251,BLACKMORES OMEGA DHA 60'S,714.00
1190258,BSN EASIFIX 2.5CMx2M (ผ้าพันแผลกาวในตัว),57.00
1190259,BSN EASIFIX 4CMx2M (ผ้าพันแผลกาวในตัว),67.00
1190260,BSN FIXOMULL STRETCH 10CMx10M,440.00
1190261,BSN FIXOMULL STRETCH 10CMx2M,79.00
1190262,BSN FIXOMULL STRETCH 5CMx10M,199.00
1190263,DILATREND 12.5MG 10x10'S (BLUE),2200.00
1190264,DILATREND 25MG 10x10'S (VIOLET),2400.00
1190265,DILATREND 6.25MG 10x10'S (GREEN),1780.00
1190266,XENICAL CAP 120MG 21'S,717.00
1190267,"DUODERM CGF 4x4"" 5PCS",520.00
1190269,CONVATEC แป้นอ่อนโมลเดเบิลคอนเว็กซ์ เบอร์ 57(ใหญ่),1630.00
1190271,CONVATEC ถุงอุจจาระปลายเปิด ขุ่น 57มม,589.00
1190272,ARICEPT EVESS 10MG 2x14'S,1830.00
1190273,ARICEPT EVESS 5MG 2x14'S,930.00
1190275,GLAKAY 15MG 3x10'S,355.00
1190276,MERISLON 12MG 3x10'S,108.00
1190277,MERISLON 6MG 3x10'S,59.00
1190278,METHYCOBAL 500MG 3x10'S,160.00
1190279,MYONAL 50MG 3x10'S,197.00
1190280,PARIET 10MG 14'S,460.00
1190281,PARIET 20MG 14'S,589.00
1190282,SATOGESIC GEL 35G,184.00
1190283,SIDUOL 3x10'S,109.00
1190284,URIEF 4MG 3x10'S,434.00
1190286,FLORDIS GINSANA G115 30'S,455.00
1190298,ENO LEMON STRIPS 60SACHETS,645.00
1190300,ENO ORANGE STRIPS 60SACHETS,645.00
1190301,FENISTIL GEL 20G,58.00
1190303,LAMISIL CREAM 15G,228.00
1190307,OTRIVIN SPRAY 0.05% 10ML (CHILD),127.00
1190308,OTRIVIN SPRAY 0.1% 10ML (ADULT),136.00
1190309,PANADOL 500MG 15x10'S,160.00
1190310,PANADOL 6-12 60ML (ORANGE),58.00
1190312,PANADOL ACTIFAST 10'S,37.00
1190313,PHYSIOGEL DMT CLEANSER 150ML,197.00
1190314,PHYSIOGEL DMT CLEANSER 500ML,463.00
1190315,PHYSIOGEL DMT CLEANSER 900ML,584.00
1190316,PHYSIOGEL DMT CREAM 75ML,429.00
1190317,PHYSIOGEL SOOTHING CARE AI CREAM 50ML,590.00
1190319,POLIDENT FRESH MINT ครีมติดฟันปลอม 20G,86.00
1190320,POLIDENT FRESH MINT ครีมติดฟันปลอม 60G,217.00
1190322,SCOTT'S EMULSION 200ML (ORANGE),86.00
1190325,SENSODYNE DEEP CLEAN 160G,171.00
1190326,SENSODYNE FRESH MINT 100G (GREEN),115.00
1190328,SENSODYNE MULTI CARE 100G (GOLD),115.00
1190330,SENSODYNE RAPID ACTION 100G,172.00
1190331,SENSODYNE GENTLE WHITENING 100G (WHITE),115.00
1190336,VOLTAREN DOUBLE EMULGEL 30G,221.00
1190337,VOLTAREN EMULGEL 100G,410.00
1190338,VOLTAREN EMULGEL 10G,68.00
1190339,VOLTAREN EMULGEL 25G,145.00
1190340,VOLTAREN EMULGEL 50G,259.00
1190341,PROVAMED ACEROLA-C NIGHT BOOSTER 15ML,166.00
1190342,PROVAMED ACEROLA-C SERUM 15ML,153.00
1190343,PROVAMED ACEROLA-C WHIP FOAM 80G,78.00
1190344,PROVAMED ACNE RETINOL-A GEL 10G,116.00
1190345,PROVAMED ACNE SPOT GEL 10G,111.00
1190347,PROVAMED ACNICLEAR CLEANSING WATER 200ML,220.00
1190348,PROVAMED ANTI ACNE FACIAL TONER 120ML,68.00
1190349,PROVAMED ANTI ACNE FACIAL TONER 200ML,147.00
1190350,PROVAMED ACNICLEAR MOISTURE SERUM 30ML,216.00
1190351,PROVAMED ACNICLEAR PORE MATT 15G (ยกเลิก),204.00
1190354,PROVAMED ALOE VERA GEL 150G (L),141.00
1190355,PROVAMED ALOE VERA GEL 50G,74.00
1190357,PROVAMED ANTI MELASMA SPOT 15G,212.00
1190362,PROVAMED BABINI ARNICA GEL 15G,118.00
1190365,PROVAMED BABINI COOL PATCH 6+2ชิ้น (เด็ก),80.00
1190366,PROVAMED BABINI HEAD TO TOE WASH 480ML,129.00
1190367,PROVAMED BABINI OINTMENT 50G,132.00
1190369,PROVAMED BABINI SOOTHING CREAM 15G,118.00
1190373,PROVAMED DERMA SOOTHING CREAM 30G,300.00
1190375,PROVAMED GLUTA BRIGHT SKIN BOOSTER 200ML,205.00
1190377,PROVAMED HYA FLASH SERUM 15ML,165.00
1190379,PROVAMED SCAR ZONE STRETCH MARK 200G,210.00
1190380,PROVAMED S ULTRA ZONE CREAM 10G,141.00
1190386,PROVAMED SOLARIS BODY SPF50 100ML,176.00
1190390,PROVAMED SUN FACE SPF50 30G (สีเนื้อ),188.00
1190391,PROVAMED SUN SPF50 30G (สีขาว),188.00
1190394,PROVAMED VITAMIN-E FACIAL CREAM 50G,129.00
1190397,TRUSLEN COFFEE BLOC 10SACHET,98.00
1190398,TRUSLEN COFFEE BURN 10SACHET,98.00
1190400,TRUSLEN COFFEE PLUS 40SACHET,254.00
1190403,TRUSLEN PLUS GREEN COFFEE BEAN 10SACHET,78.00
1190410,JANSSEN IMODIUM 2MG 20x6'S,630.00
1190416,RESOLOR 1MG 4x7'S,854.00
1190417,RESOLOR 2MG 4x7'S,1420.00
1190419,SPORAL 100MGx4CAPS,141.00
1190420,STUGERON 3x10'S,88.00
1190421,TOPAMAX 100MG 60'S,2220.00
1190422,TOPAMAX 25MG 60'S,854.00
1190423,TOPAMAX 50MG 60'S,1420.00
1190424,EVRA 3แผ่น (ยาคุมแปะผิว),422.00
1190425,LISTERINE COOL MINT 100ML (BLUE),27.00
1190426,LISTERINE COOL MINT 250ML (BLUE),60.00
1190429,LISTERINE COOL MINT 750ML+250ML,126.00
1190430,LISTERINE COOL MINT 2x750ML (TWIN PACK),176.00
1190431,LISTERINE ORIGINAL 100ML (YELLOW),34.00
1190432,LISTERINE ORIGINAL 250ML (YELLOW),69.00
1190434,LISTERINE ORIGINAL 750ML (YELLOW),132.00
1190439,LISTERINE TARTAR 750ML+250ML,149.00
1190445,O.B. REGULAR 8'S,64.00
1190446,NICORETTE 2MG 7x15'S,700.00
1190447,NICORETTE 4MG 7x15'S,1045.00
1190448,PREGAINE CLEAR GEL SHAMPOO 200ML,147.00
1190449,RHINOCORT AQUA 64MCG,316.00
1190450,TYLENOL 500MG 100'S,121.00
1190451,TYLENOL 500MG 20x10'S,237.00
1190452,TYLENOL 8HR 650MG 10'S,37.00
1190453,TYLENOL DROP 15ML (GRAPE),42.00
1190454,TYLENOL SUSP 60ML (CHERRY),62.00
1190455,DAIVOBET OINTMENT 15G,622.00
1190456,DAIVONEX OINTMENT 30G,650.00
1190457,FUCICORT CREAM 15G (RED-YELLOW),207.00
1190458,FUCICORT CREAM 5G (RED-YELLOW),99.00
1190459,FUCIDIN CREAM 15G (RED),174.00
1190460,FUCIDIN CREAM 5G (RED),88.00
1190461,FUCIDIN-H 5G (RED-BLACK),98.00
1190462,FUCIDIN OINT 15G (ORANGE),174.00
1190463,FUCIDIN OINT 5G (ORANGE),88.00
1190464,FUCITHALMIC ED 5G,100.00
1190465,ONE-ALPHA 0.25MCG 10x10'S,825.00
1190466,PROTOPIC OINTMENT 0.1% 10G,1265.00
1190475,HERBESSER 30MG 100x10'S,47.50
1190476,HERBESSER R 100MG 10x10'S,1032.00
1190477,HERBESSER R 200MG 10x10'S,1645.00
1190478,HERBESSER SR 90MG 10x10'S,985.00
1190479,FLEMEX 50x10'S,29.40
1190481,FLEMEX AC OD 600MG 5x2'S (เม็ดฟู่),141.00
1190482,FLEMEX KIDS 60ML,44.00
1190483,FLEMEX SYRUP 120ML (L),81.00
1190484,FLEMEX SYRUP 60ML (S),49.50
1190485,HIRUDOID CREAM 10G,80.00
1190486,HIRUDOID CREAM 20G,134.00
1190487,HIRUDOID CREAM 40G,206.00
1190488,HIRUDOID FORTE CREAM 10G,124.00
1190489,HIRUDOID FORTE CREAM 20G,204.00
1190490,HIRUDOID FORTE CREAM 40G,317.00
1190495,HIRUDOID MILD CREAM 50G,272.00
1190500,HIRUSCAR POST ACNE GEL 10G,230.00
1190501,HIRUSCAR POST ACNE GEL 5G,156.00
1190502,HIRUSCAR SILICONE PRO 10G,346.00
1190503,HIRUSCAR SILICONE PRO 4G,209.00
1190507,COLCHICINE 0.6MG 10x10'S,454.00
1190508,COMBIF AR 3x10'S,440.00
1190511,ELMETACIN SPRAY 50ML,130.00
1190513,FLUOMIZIN VAGINAL 10MGx6'S,164.00
1190514,KEFLEX SUSPENSION 125MG 60ML,78.00
1190515,TAPAZOLE 5MG 100'S,191.00
1190516,CONCOR 2.5MG 10x10'S,63.00
1190517,CONCOR 5MG 10x10'S,84.00
1190521,GLUCOPHAGE 500MG 50x10'S,22.00
1190522,GLUCOPHAGE 850MG 30x10'S,36.50
1190523,GLUCOPHAGE XR 1000MG 3x10'S,258.00
1190524,GLUCOPHAGE XR 750MG 2x15'S,226.00
1190525,LODOZ 2.5MG/6.25MG 3x10'S,260.00
1190526,ILIADIN 0.025% DROP 10ML (CHILD),78.00
1190527,ILIADIN 0.05% DROP 10ML (ADULT),78.00
1190528,ILIADIN 0.05% SPRAY 10ML (ADULT),131.00
1190531,NEUROMET 5x10'S,257.00
1190532,SEVEN SEAS 120ML,102.00
1190533,SEVEN SEAS OCEAN GOLD 100ML,135.00
1190534,SEVEN SEAS+LYSINE 100ML,144.00
1190536,ALCON AZOPT 1% 5ML,480.00
1190537,ALCON DUOTRAV ED 2.5ML,685.00
1190538,ALCON MAXITROL OINT 3.5G,92.00
1190539,ALCON PATADAY 2.5ML,379.00
1190541,ALCON TOBRADEX EYE DROP 5ML,136.00
1190542,ALCON TOBRADEX OINT 3.5G,94.00
1190543,ALCON TOBREX EYE DROP 0.3% 5ML,120.00
1190544,ALCON TRAVATAN BAK-FREE 2.5ML,592.00
1190545,ALCON VIGAMOX 0.5% 5ML,182.00
1190547,ISOPTO CARPINE 2% 15ML,87.00
1190549,BETADINE 15ML (S),44.50
1190550,BETADINE 30ML (L),67.50
1190551,BETADINE 500ML,236.00
1190553,BETADINE GARGLE 30ML,147.00
1190554,BETADINE OINTMENT 50G,122.00
1190555,BETADINE THROAT SPRAY 12ML,147.00
1190556,BETADINE THROAT SPRAY 25ML,260.00
1190558,CATAFLAM 25MG 2x10'S,97.00
1190559,CATAFLAM 50MG 2x10'S,169.00
1190561,VOLTAREN SR 100MG 3x10'S,637.00
1190562,VOLTAREN SR 75MG 3x10'S,399.00
1190563,VOLTFAST 50MG 3x3 SACHETS,79.00
1190565,VISTRA 3WHEY PROTEIN PLUS VANILLA 15SAC,950.00
1190566,VISTRA 3WHEY PROTEIN+CHOCOLATE 15SAC,885.00
1190569,VISTRA ACEROLA CHERRY 100'S (M),540.00
1190570,VISTRA ACEROLA CHERRY 150'S (L),778.00
1190571,VISTRA ACEROLA CHERRY 45'S (S),242.00
1190573,VISTRA ASTAXANTHIN 4MG 30'S,372.00
1190576,VISTRA ASTAXANTHIN 6MG 30'S,460.00
1190577,VISTRA BACOPA EXTRACT 300MG 30'S,185.00
1190579,VISTRA B-COMPLEX PLUS GINSENG 30'S,220.00
1190580,VISTRA B-COMPLEX PLUS MINERALS 30'S,138.00
1190581,VISTRA BETA GLUCAN PLUS 30'S,410.00
1190583,VISTRA BILBERRY EXTRACT PLUS LUTEIN 30'S,306.00
1190584,VISTRA BILBERRY EXTRACT PLUS LUTEIN 60'S,542.00
1190586,VISTRA BIO-C 1000MG 100'S (L),504.00
1190588,VISTRA BIO-C 1000MG 30'S (S),195.00
1190593,VISTRA CLA&L-CARNITINE 1100MG 30'S,449.00
1190595,VISTRA COENZYME Q10 30MG 30'S,148.00
1190596,VISTRA COENZYME Q10 30MG 60'S,255.00
1190601,VISTRA COLLAGEN DIPEPTIDE PLUS VIT-C 30'S,350.00
1190606,VISTRA CRANBERRY 600MG 30'S,237.00
1190607,VISTRA DIMPLITE 30'S,590.00
1190608,VISTRA DT DAILY FIBER 7000MG 10SAC,102.00
1190609,VISTRA EVENING PRIMROSE OIL 1000MG 75'S,231.00
1190612,VISTRA GINKGO 120MG 30'S,177.00
1190616,VISTRA GLUTA COMPLEX PLUS 1000MG 30'S,484.00
1190617,VISTRA GLUTA COMPLEX PLUS 800MG 30'S,382.00
1190618,VISTRA GOTU KOLA EXTRACT PLUS ZINC 30'S,179.00
1190620,VISTRA GRAPE SEED 60MG 30'S,202.00
1190622,VISTRA KIWI EXTRACT 30'S,316.00
1190623,VISTRA L-ARGININE PLUS 1000MG 60'S,575.00
1190624,VISTRA L-CARNITINE 500MG PLUS 3L 60'S,435.00
1190625,VISTRA L-CARNITINE 500MG PLUS 3L 30'S,240.00
1190626,VISTRA L-CYSTEINE PLUS BIOTIN 30'S,244.00
1190627,VISTRA LIVOTOX 30'S,299.00
1190629,VISTRA MAGNESIUM COMPLEX PLUS 30'S,157.00
1190630,VISTRA MARINE COLLAGEN 1300MG 30'S,297.00
1190632,VISTRA MARINE COLLAGEN 10000MG (ORANGE),460.00
1190633,VISTRA MARINE COLLAGEN 10000MG (STRAWBERRY),460.00
1190636,VISTRA MULTIVITAMINS&MINERAL 50'S,270.00
1190637,VISTRA ODORLESS FISH OIL 100'S,225.00
1190638,VISTRA ODORLESS FISH OIL 75'S,172.00
1190640,VISTRA PLANT AMIPRO PLUS VITAMIN-B 30'S,159.00
1190643,VISTRA REGOW 30'S,263.00
1190646,VISTRA RICE BRAN OIL 1000MG 40'S,272.00
1190648,VISTRA SALMON FISH OIL 1000MG 75'S,198.00
1190649,VISTRA SALMON FISH OIL 1000MG 100'S,249.00
1190651,VISTRA SOY LECITHIN 1200MG PLUS VIT-E 90'S,191.00
1190652,VISTRA TOMATO EXTRACT PLUS BETA 30'S,344.00
1190653,VISTRA VAGINY 30'S,344.00
1190654,VISTRA WHEY PROTEIN PLUS 255G 15SAC,279.00
1190655,VISTRA ZINC 15MG 45'S,155.00
1190656,นม NESTLE THICKEN UP-CLEAR 125MG,494.00
1190658,นม NESTLE BOOST OPTIMUM 800G (VANILLA),770.00
1190659,นม NESTLE ISOCAL 850G,587.00
1190662,นม NESTLE NUTREN JUNIOR 400G,414.00
1190663,นม NESTLE PEPTAMEN VANILLA 400G,790.00
1190664,นม ORAL IMPACT 5x74G (นมผู้ป่วยมะเร็ง),860.00
1190679,BOTAN 100'S (แผ่น),1164.00
1190680,BOTAN MINT BALL 20ตลับ (BLUE),400.00
1190681,BOTAN MINT BALL 20ตลับ (NANOICE),388.00
1190682,BOTAN MINT BALL 20ตลับ (VIOLET),388.00
1190683,BOTAN ORIGINAL 24ตลับ (WHITE),314.00
1190685,กฤษณากลั่น ยาแก้ปวดท้อง ตรากิเลนน้ำ 15มล,58.50
1190686,ยาแก้ปวด ทัมใจเปรี้ยว 100ซอง (ผง),160.00
1190690,COMBIZYM TAB 10x10'S,715.00
1190692,MEBO 10G (S),88.00
1190693,MEBO 40G (L),295.00
1190695,BIOFLOR 250MG 2x5'S,238.00
1190696,BIOFLOR POWDER 250MG 10SAC,238.00
1190697,CIRCADIN 2MG 15'S,425.00
1190698,METEO SPASMYL 3x10'S,242.00
1190699,NIZORAL SHAMPOO 100ML,195.00
1190700,NIZORAL SHAMPOO 200ML,346.00
1190701,NIZORAL SHAMPOO 50ML,115.00
1190706,OXE'CURE SULFUR SOAP 100G,105.00
1190707,OXE'CURE SULFUR SOAP 30G,37.00
1190708,BONJELA GEL 15G,163.00
1190710,CARDIPRIN 100MG 3x30'S,237.00
1190716,DETTOL 500ML,287.00
1190721,FYBOGEL 10'S,189.00
1190722,GAVISCON DUAL 150ML (PINK) (น้ำ),305.00
1190723,GAVISCON DUAL 24x10ML (PINK)(ซอง),604.00
1190724,GAVISCON DUAL TABLETS 2x8'S (PINK) (แผง),197.00
1190725,GAVISCON LIQUID 150ML (GREEN) (น้ำ),254.00
1190726,GAVISCON SUSPENSION MINT 12x10ML (GREEN) (ซอง),265.00
1190728,GLUCOLIN 400G,132.00
1190729,KY JELLY 42G (S),151.00
1190730,KY JELLY 82G (L),215.00
1190733,NUROFEN SYRUP 60ML (ORANGE),123.00
1190735,NUROFEN ZAVANCE 400MG 1x10'S,137.00
1190738,SENOKOT 3x20'S,151.00
1190739,STREPSILS CHESTY COUGH 12x24'S,95.00
1190740,STREPSILS CHESTY COUGH 24x8'S,1215.00
1190741,STREPSILS COOL 12x24'S (BLUE),87.00
1190742,STREPSILS COOL 24x8'S (BLUE),612.00
1190745,STREPSILS HONEY LEMON 12x24'S (YELLOW),85.00
1190746,STREPSILS HONEY LEMON 24x8'S (YELLOW),612.00
1190747,STREPSILS MAXIPLUZZ 12x16'S,102.00
1190748,STREPSILS MAXIPLUZZ 24x6'S,1290.00
1190749,STREPSILS MAXPRO DIRECT SPRAY 15ML,192.00
1190750,STREPSILS MAXPRO HONEY LEMON 16'S,131.00
1190751,STREPSILS MAXPRO HONEY LEMON 24x8'S,1695.00
1190752,STREPSILS ORANGE VIT-C 12x24'S,85.00
1190753,STREPSILS ORANGE VIT-C 24x8'S,612.00
1190754,STREPSILS ORIGINAL 12x24'S (RED),85.00
1190755,STREPSILS ORIGINAL HHR 24x8'S (RED),612.00
1190756,STREPSILS SF CITRUS LEMON 12x16'S,87.00
1190757,STREPSILS SF CITRUS LEMON 24x6'S,612.00
1190758,STREPSILS THROAT IRR 24'S,93.50
1190759,STREPSILS THROAT IRR 24x8'S,1195.00
1190761,VEET 25G (ครีมกำจัดขน) (BLUE),114.00
1190762,VEET 25G (ครีมกำจัดขน) (PINK),114.00
1190764,RENU FRESH 120ML,71.00
1190766,RENU FRESH 60ML,51.00
1190767,RENU LUBRICATING 8ML,94.00
1190769,VIDISIC GEL 10G,128.00
1190770,VIVIDRIN EYE DROPS 10ML (หยอดตา),129.00
1190771,MADOPAR 250MG 100'S,1225.00
1190772,MADOPAR HBS 125MG 100'S,860.00
1190777,ARTROFORT COMPLEX 30'S,603.00
1190785,ELIDEL CREAM 15G,760.00
1190786,LEGALON 140MG 4x10'S,658.00
1190790,REPARIL GEL-N 10G,64.00
1190791,REPARIL GEL-N 20G,102.00
1190792,REPARIL GEL-N 40G,197.00
1190794,REPARIL TAB 20MG 10x10'S,509.00
1190795,SAUGELLA ATTIVA 100ML (GREEN),111.00
1190796,SAUGELLA DERMOLIQUID 100ML (BLUE),88.00
1190797,SAUGELLA POLIGYN 100ML (PINK),128.00
1190798,URALYT-U 280G,510.00
1190799,VIARTRIL-S 1500MG 30'S (POWDER),1090.00
1190800,VIARTRIL-S 500MG 90'S,990.00
1190804,DERMATOP CREAM 15G,97.00
1190805,DERMATOP CREAM 5G,52.50
1190806,ESPERSON CREAM 0.25% 15G,93.00
1190807,ESPERSON CREAM 0.25% 5G,40.00
1190810,TOPICORTE 0.25% 15G (L),122.00
1190811,TOPICORTE 0.25% 5G (S),55.00
1190814,AMARYL 2MG 3x10'S (GREEN),385.00
1190818,APROVEL 150MG 2x14'S,570.00
1190819,APROVEL 300MG 2x14'S,740.00
1190820,CO-APROVEL 150/12.5MG 2x14'S,710.00
1190821,CO-APROVEL 300/12.5MG 2x14'S,930.00
1190822,CO-PLAVIX 75MG/75MG 3x10'S,2450.00
1190823,CORDARONE 200MG 2x15'S,584.00
1190824,DAONIL 5MG 10x10'S,298.00
1190825,DEPAKINE 200MG 40'S (เม็ด),179.00
1190826,DEPAKINE 200MG 60ML (น้ำ),251.00
1190827,DEPAKINE CHRONO 500MG 30'S,360.00
1190829,LANTUS SOLOSTAR 3MLx5PEN (แช่เย็น),3555.00
1190830,LASIX 40MG 500'S,1540.00
1190831,LASIX 500MG 10x10'S,2500.00
1190832,PLAVIX 75MG 14'S,1169.00
1190835,TRITACE 10MG 3x10'S,855.00
1190836,TRITACE 2.5MG 10x10'S,1060.00
1190837,TRITACE 5MG 3x10'S,485.00
1190838,XATRAL XL 10MG 1x30'S,875.00
1190840,BISOLVON PEDIATRIC 60ML (CHILD),48.50
1190842,BISOLVON-EX 125ML (L),100.00
1190843,BISOLVON-EX 60ML (S),54.00
1190844,BUSCOPAN 10x10'S,342.00
1190855,LACTACYD EXTRA SENSITIVE 150ML (LIQUID),123.00
1190856,LACTACYD EXTRA SENSITIVE 60ML (LIQUID),60.00
1190869,NASACORT AQ SPRAY 55MCG/DOSE,444.00
1190874,PROCTOSEDYL OINTMENT 15G,179.00
1190875,PROCTOSEDYL SUPPO 12'S,151.00
1190876,RHINATHIOL KIDS 60ML,54.00
1190877,TELFAST 180MG 10'S,220.00
1190878,TELFAST 60MG 10'S,88.00
1190880,CORALAN 5MG 4x14'S (SERVIER),2330.00
1190881,COVERSYL ARGININE 5MG 30'S,472.00
1190882,DAFLON 500MG 2x15'S,286.00
1190884,DIAMICRON MR 60MG 2x15'S,397.00
1190885,NATRILIX SR 3x10S,272.00
1190886,VASTAREL MR 35MG 2x30'S,493.00
1190888,DUREX COMFORT 56MM 12x3'S,70.00
1190889,DUREX DUAL PLEASURE 56MM 12x3'S,895.00
1190890,DUREX EXCITA 53MM 12x3'S,44.00
1190891,DUREX EXPLORE 52.5MM 6x3P,37.00
1190892,DUREX FETHERLITE 52.5MM 12x3'S,62.00
1190893,DUREX FETHERLITE ULTIMA 52MM 12x3'S,65.00
1190894,DUREX KINGTEX 49MM 12x3'S,31.00
1190895,DUREX KINGTEX BIG BOX 49MM 6x12'S,123.00
1190897,DUREX LOVE 52.5MM 12x3'S,36.00
1190898,DUREX PERFORMA 52.5MM 12x3'S,66.00
1190899,DUREX PLAY GEL 50ML,102.00
1190900,DUREX SENSATION 52MM 12x3'S,68.00
1190901,DUREX STRAWBERRY 52.5MM 12x3'S,61.00
1190902,GRIPE WATER 148ML (L),116.00
1190904,KAMISTAD ORAL GEL 10G,87.00
1190905,MAR PLUS 5% NASAL SPRAY 20ML,187.00
1190907,OILATUM SOAP 100G,166.00
1190908,STADA METOPROLOL 100 10x10'S,325.00
1190909,COUNTERPAIN COOL 120G,133.00
1190910,COUNTERPAIN COOL 30G,50.50
1190911,COUNTERPAIN COOL 60G,79.00
1190912,COUNTERPAIN PLUS 25G,118.00
1190913,COUNTERPAIN PLUS 50G,196.00
1190914,COUNTERPAIN WARM 120G (ร้อน),125.00
1190915,COUNTERPAIN WARM 30G (ร้อน),42.50
1190916,COUNTERPAIN WARM 60G (ร้อน),72.00
1190917,DRAMAMINE 50MG 10x10'S,145.00
1190918,TEMPRA DROP 15ML (GRAPE),38.50
1190919,TEMPRA FORTE 60ML (ORANGE),46.00
1190920,TEMPRA FORTE 60ML (STRAWBERRY),46.50
1190921,TEMPRA KIDS 60ML (ORANGE),39.00
1190922,TEMPRA KIDS 60ML (STRAWBERRY),38.50
1190923,ALINAMIN EX PLUS 120'S,642.00
1190924,ALINAMIN EX PLUS 60'S,405.00
1190925,ALINAMIN-F FOIL 10x10'S,267.00
1190926,CONTROLOC 20MG 14'S,605.00
1190927,CONTROLOC 40MG 14'S,780.00
1190928,HICEE 500MG 10x15'S,595.00
1190929,HICEE 100MG 50'S (ขวด),57.00
1190930,HICEE 100MG 200'S (ขวด),143.00
1190931,HICEE 100MG FOIL 40x4'S (แผง),197.00
1190932,HICEE 500MG 4x15'S,242.00
1190939,ACTOS 15MG 3x10'S,1420.00
1190946,MADIPLOT 10MG 10x10'S,105.00
1190947,MADIPLOT 20MG 10x10'S,132.00
1190948,TERUMO SYRING 10ML (NO LANCET),214.00
1190949,"TERUMO SYRING 1CC 27Gx1/2"" พร้อมเข็มอินซูริน (ส้มขาว)",305.00
1190950,"TERUMO SYRING 1CC 29Gx1/2"" พร้อมเข็มอินซูริน (ส้มขาว)",325.00
1190952,TERUMO SYRING 3ML (NO LANCET),139.00
1190953,TERUMO SYRING 50ML 20'S (BLUE),15.00
1190954,TERUMO SYRING 50ML 20'S (ให้อาหาร) (GREEN),440.00
1190955,TERUMO SYRING 5ML (NO LANCET),185.00
1190956,NISSEI เครื่องวัดความดัน ต้นแขน รุ่น DS-11,1030.00
1190958,TERUMO MEDISAFE EX (FREE STRIP+LANCET),1630.00
1190959,TERUMO MEDISAFE EX STRIP+LANCET 30'S (PINK),464.00
1190960,TERUMO MEDISAFE FITSMILE (FREE STRIP+LANCET),1630.00
1190961,TERUMO MEDISAFE FITSMILE STRIP+LANCET 30'S (BLUE),464.00
1190964,ปลอกแขนเครื่องวัดความดันW100(22CM-32CM),445.00
1190969,MEIJI MEIACT 100MG 10x10'S,2930.00
1190970,MEIJI MEIACT 200MG 2x10'S,1150.00
1190971,MEIJI MEIACT FINE GRANULES 0.5G 120SACHET,16.17
1190972,MEIJI DICLEX CAPSULES 500MG 50x10'S,400.00
1190974,MEIJI PROCTASE-P 50x10'S,176.00
1190975,MEIJI KANAMYCIN 10x10'S,364.00
1190976,MEIJI MIOTIN SYRUP 60ML,104.00
1190977,NECK&SHOULDER BOOST 50G (RED),139.00
1190978,NECK&SHOULDER RUB 50G (YELLOW),134.00
1190979,TIGER BALM FEVER PATCH 5x11CM 3x2'S,83.00
1190980,TIGER BALM INHALER 2ML,15.00
1190981,ครีมนวดบรรเทาปวด ตราเสือ 30กรัม,52.50
1190982,น้ำมันกวางลุ้ง 15มล (กลาง),61.50
1190983,น้ำมันกวางลุ้ง 28มล (ใหญ่),91.00
1190984,น้ำมันกวางลุ้ง 3มล (เล็ก),18.50
1190985,น้ำมันกวางลุ้ง 57มล (ใหญ่พิเศษ),138.00
1190986,พลาสเตอร์แก้ปวดเสือ(เย็น) 10x14CM สีเขียว 24ซองใหญ่,58.00
1190987,พลาสเตอร์แก้ปวดเสือ(เย็น) 7x10CM สีเขียว 24ซองเล็ก,43.50
1190988,พลาสเตอร์แก้ปวดเสือ(ร้อน) 10x14CM สีแดง 24ซองใหญ่,58.00
1190989,พลาสเตอร์แก้ปวดเสือ(ร้อน) 7x10CM สีแดง 24ซองเล็ก,43.50
1190990,พลาสเตอร์แก้ปวดหลังตราเสือ 10x14CM สีเหลือง 24ซองใหญ่,59.50
1190991,ยาน้ำมันตราเสือ 28มล,88.00
1190992,ยาหม่อง ตราเสือ 10กรัม (สีแดง),45.00
1190993,ยาหม่อง ตราเสือ 19.4กรัม (สีแดง),62.00
1190994,ยาหม่อง ตราเสือ 30กรัม (สีแดง),78.00
1190995,ยาหม่อง ตราเสือ เอชอาร์ 10กรัม (สีขาว),45.00
1190996,ยาหม่อง ตราเสือ เอชอาร์ 19.4กรัม (สีขาว),61.50
1190997,ยาหม่อง ตราเสือ เอชอาร์ 30กรัม (สีขาว),78.00
1191045,VICKS BABY BALSAM 50G,213.00
1191046,VICKS VAPORUB (60x10G) (L),44.00
1191047,VICKS VAPORUB 25G (S),96.00
1191048,VICKS VAPORUB 50G (L),182.00
1191049,VICKS VAPORUB 5G (S),25.00
1191052,AQUA MARIS BABY 50ML,243.00
1191053,AQUA MARIS CLASSIC 30ML,225.00
1191054,AQUA MARIS STRONG 30ML,243.00
1191055,CHLOR PYRAD 12x15G (ป้ายแผล),15.50
1191056,DETAPAIN 2x10'S,28.50
1191057,FRX 15ML (ยาเหลือง),75.00
1191059,FRX CALPEX 500MG 100x10'S,344.00
1191060,FRX CARMINATIVE 450CC,42.00
1191063,FRX FAVOVAS 450G,157.00
1191064,FRX GENTIAN VIOLET SAHAKARN 30ML,102.00
1191065,FRX LUCINAR CREAM 5G,40.00
1191066,FRX NORFOX 400MG 10x10'S (FOIL),192.00
1191067,FRX OMESEC 20MG 2x7'S,26.00
1191068,FRX POVIDONE 15ML,167.00
1191069,FRX POVIDONE 400ML,158.00
1191070,FRX GENTIAN VIOLET PYRAD-VIOLET 15ML,71.00
1191071,FRX GENTIAN VIOLET PYRAD-VIOLET 450ML,48.00
1191072,FRX VIT-C 25MG 50x30'S (GRAPE),194.00
1191073,FRX VIT-C 25MG 50x30'S (ORANGE),202.00
1191074,FRX VIT-C 25MG 50x30'S (STRAWBERRY),194.00
1191075,FRX VIT-C 25MG 60x30'S (MIX),230.00
1191076,FRX VIT-C 50MG 1000'S (ORANGE),132.00
1191077,FRX VIT-C 50MG 1000'S (ORANGE) (แยกซอง),148.00
1191078,FRX แอมโมเนีย 30ML,142.00
1191079,FRX แอมโมเนีย 450ML,86.00
1191080,FRX ชุดเวชภัณฑ์ 7 รายการ,50.00
1191082,FRX ยาธาตุน้ำขาว 200ML,33.00
1191083,IBUTAMOL 400MG 10x10'S (ORANGE),155.00
1191084,OPTIVIS OINT 12x5G (ป้ายตา),15.00
1191085,SODAMINT FRX 300MG 1000'S,97.00
1191087,กางเกง CERTAINTY PANTS #L 20ชิ้น,449.00
1191088,กางเกง CERTAINTY PANTS #M 20ชิ้น,449.00
1191089,กางเกง CERTAINTY PANTS #XL 16ชิ้น,449.00
1191096,FAIRE STRAWBERRY 49MM 12x3'S (RED),280.00
1191097,FAIRE VISA 49MM 3'S (GREEN),169.00
1191098,FLUOCARIL BI-FLUORE ZERO% ALCOHOL 500ML,92.00
1191099,FLUOCARIL MOUTH SPRAY 15CC,105.00
1191100,NATUREGIFT COFFEE 21 10SACHET,90.00
1191101,ยาสีฟัน FLUOCARIL 150G (+แถมแปรง),52.00
1191102,NUTRAMIGEN LGG 400G,745.00
1191103,แผ่นยางปูกันเปื้อน HOSPRO H-DS021,78.00
1191106,DAFNE 35 21'S,90.00
1191108,MELODIA 21'S,243.00
1191109,MINIDOZ 28'S,137.00
1191111,SYNFONIA 28'S,274.00
1191112,TANSY ONE 1'S,43.00
1191113,FAVOTAN 5/100MG 3x10'S,944.00
1191114,FAVOTAN 5/50MG 3x10'S,787.00
1191118,KARISMA COTTON BUDS 100 PCS (TWIN PACK),20.00
1191119,KARISMA COTTON PADS COMPRESSED 50G 100'S,39.00
1191120,"KARISMA COTTON PADS KING SIZE 3x4"" 100G",43.00
1191121,KARISMA COTTON PADS ROUND 80PCS,37.50
1191122,"KARISMA COTTON STICK 6"" 5x5PCS (L)",40.00
1191123,KARISMA HYGIENE WIPES 12x12'S,212.00
1191124,HEPACAP 10x10'S (RED),495.00
1191125,ASPENT 300MG 1000'S,476.00
1191126,ASPENT-M 81MG 1000'S (UNICHEM),285.00
1191127,ASPENT-M 81MG 60'S (UNICHEM),35.00
1191128,DEWAX EAR DROP 15ML,52.00
1191129,FBC 20x100'S,66.00
1191131,GASZYM 10x10'S,265.00
1191133,MYLOM DROP 15ML,39.00
1191136,VERCEF 125MG/5ML 60ML,90.00
1191137,VERCEF 250MG/5ML 60ML,155.00
1191138,COSOPT ED 5ML,464.00
1191139,CRAVIT EYE DROP 0.5% 5ML,125.00
1191140,DIQUAS OPH. SOL 3% 5ML,252.00
1191141,HIALID 0.1% 5ML,145.00
1191142,KARY UNI ED 5MLx10'S,690.00
1191143,PEMIROX 0.1% 5MLx10'S,985.00
1191144,TAFLOTAN OPHT 2.5ML,479.00
1191145,TIMOPTOL 0.5% 5ML,242.00
1191146,TRUSOPT 2% 5ML,564.00
1191147,BACTIGRAS 10CM 10'S,185.00
1191148,CICA CARE 3x12CM 1'S (S),545.00
1191149,CICA CARE 6x12CM 1'S (M),1175.00
1191150,INTRASITE GEL 25G,203.00
1191151,OPSITE WATERPROOF PLASTER 6.5x5CM 3PCS,47.00
1191189,TANZARIL 100MG 3x10'S (GREEN),130.00
1191190,TANZARIL 50MG 3x10'S,68.00
1191203,CALCIFEROL VITAMIN D2 20000IU 10x10'S,318.00
1191204,EMULAX 1000'S (L),133.00
1191205,EMULAX 12x100'S (S),27.50
1191207,EMULAX MOM น้ำ 240ML ตรางู (ขวดเปลือย),30.50
1191209,PAINELIEF COOL GEL 30G,69.00
1191210,PAINELIEF COOL GEL 60G,106.00
1191211,SKETOLENE SPRAY 40ML (YELLOW),34.00
1191212,SKETOLENE SPRAY 60ML (GREEN),54.50
1191214,ยาแก้ไข้เด็กตรางู 12x60มล,26.50
1191216,ยาแก้ไอน้ำดำ ตรางู 120มล,27.00
1191217,ยาแก้ไอน้ำดำ ตรางู 60มล,22.00
1191218,BILAXTEN 20MG 1x10'S,144.00
1191220,DERMATIX ULTRA GEL 15G,730.00
1191221,DERMATIX ULTRA GEL 5G,359.00
1191222,DERMATIX ULTRA GEL 9G,570.00
1191225,FASTUM GEL 30G,79.00
1191226,FASTUM GEL 50G,112.00
1191227,KAMILLOSAN-M 15CC,142.50
1191228,LANOXIN 0.25MG 1000'S,862.00
1191229,LANOXIN PG 0.0625MG 300'S,250.00
1191231,NACLONG 600MG 10'S,151.50
1191233,NEBILET 5MG 2x14'S,680.00
1191238,SYSTRAL CREAM 10G,32.00
1191239,SYSTRAL CREAM 25G,69.00
1191240,ZYLORIC 100MG 4x25'S,530.00
1191241,ZYLORIC 300MG 10x10'S,140.00
1191242,BELARA 21'S,257.00
1191246,DUPHALAC 100ML (น้ำ),119.00
1191247,DUPHALAC 200ML (น้ำ),219.00
1191248,GANATON 50MG 10'S,144.00
1191249,ISOPTIN SR 240MG 2x15'S,632.00
1191251,KLACID 500MG 10'S,524.00
1191253,KLACID MR 500MG 7'S,397.00
1191254,SERC 16MG 3x20'S,407.00
1191255,SERC 24MG 20'S,228.00
1191256,SUPRALIP NT 145MG 3x10'S,604.00
1191257,ZANIDIP 10MG 2x14'S (RED),564.00
1191258,ZANIDIP 20MG 2x14'S (BLUE),805.00
1191280,BERODUAL FORTE 4ML 20D,650.00
1191281,BERODUAL INHALER 10ML 200D,303.00
1191282,JARDIANCE 10MG 3x10'S,1650.00
1191284,MICARDIS 40MG 3x10'S,650.00
1191285,MICARDIS 80MG 3x10'S,860.00
1191286,MICARDIS PLUS 40/12.5MG 3x10'S,650.00
1191287,MICARDIS PLUS 80/12.5MG 3x10'S,860.00
1191288,MOBIC 7.5MG 10x10'S,102.00
1191290,TRAJENTA 5MG 3x10'S,1510.00
1191291,TWYNSTA 80/5MG 30'S,870.00
1191292,น้ำมันยูคาลิปตัส ตรานกแก้ว 28มล,84.00
1191293,น้ำมันยูคาลิปตัส ตรานกแก้ว 56มล,142.00
1191294,น้ำมันยูคาลิปตัส ตรานกแก้ว 8.5มล,38.00
1191295,น้ำมันยูคาลิปตัส ตรานกแก้ว สเปรย์ 150มล,136.00
1191296,น้ำมันยูคาลิปตัส ตรานกแก้ว สเปรย์ 300มล,200.00
1191298,HARNAL OCAS 0.4MG 3x10'S,925.00
1191299,OESTROGEL 0.06% 80G,248.00
1191301,CRAVIT 500MG 5'S,370.00
1191302,JAPROLOX 60MG 2x10'S,137.00
1191304,MEVALOTIN PROTECT 40MG 3x10'S,970.00
1191305,BENZAC AC GEL 2.5% 15G,108.00
1191306,BENZAC AC GEL 2.5% 60G,265.00
1191307,BENZAC AC GEL 5% 60G,288.00
1191308,BENZAC AC GEL 5% 15G,117.00
1191317,CETAPHIL MOIST.CREAM 453G (กระปุก),630.00
1191321,DIFFERIN GEL 0.1% 15G,367.00
1191322,DIFFERIN GEL 0.1% 30G,579.00
1191323,ROBAZ 0.75% 30G,355.00
1191324,ALLERNIX 10MG 1x10'S,34.50
1191325,ASMASOLON 10x10'S,191.00
1191326,ASPILETS 81MG 20x10'S,120.00
1191328,DECOLGEN PRIN 25x4'S,193.00
1191329,KREMIL 20x10'S (GREEN),325.00
1191330,KREMIL-S 20x10'S (ORANGE),385.00
1191331,NUTROPLEX OLIGO+ 100ML,141.00
1191332,NUTROPLEX OLIGO+ 60ML,88.00
1191333,OBIMIN-AZ 60'S,198.00
1191334,SOLMAX 500MG FOIL 25x10'S,36.00
1191335,SOLMAX FORTE 60ML,64.00
1191336,SOLMAX KIDS 60ML,58.00
1191337,GSK AMOXIL 500MG 2x10'S,110.00
1191340,GSK AUGMENTIN 1G 1x10'S,236.00
1191341,GSK AUGMENTIN ES 50ML,500.00
1191343,GSK AUGMENTIN SYRUP 228MG 70ML,310.00
1191344,GSK AUGMENTIN SYRUP 457MG 70ML,487.00
1191345,GSK AVAMYS NASAL SPRAY 27.5MCG 120D,420.00
1191346,GSK AVODART 0.5MG 3x10'S,1265.00
1191349,GSK BECONASE AQUEOUS NASAL SPRAY 200D,208.00
1191350,GSK BETNOVATE CREAM 15G,87.00
1191351,GSK BETNOVATE SCALP 30ML,159.00
1191352,GSK BETNOVATE-N 15G,101.00
1191353,GSK DERMOVATE CREAM 100G,598.00
1191354,GSK DERMOVATE CREAM 15G,148.00
1191355,GSK DERMOVATE CREAM 5G,54.00
1191356,GSK DERMOVATE OINTMENT 5G,59.00
1191357,GSK DERMOVATE SCALP 30ML,190.00
1191358,GSK FLIXONASE NASAL SPRAY 120D,440.00
1191359,GSK IMIGRAN 50MG 2'S,257.00
1191361,GSK SERETIDE ACCU 50/250MCG 60D,575.00
1191362,GSK SERETIDE EVO 25/125MCG 120D,570.00
1191363,GSK SERETIDE EVO 25/50MCG 120D,492.00
1191365,GSK VENTOLIN EVOHALER 100MCG 200D,187.00
1191367,GSK ZENTEL 400MG 1'S,37.00
1191368,GSK ZOVIRAX 200MG 5x5'S,1036.00
1191370,GSK ZOVIRAX CREAM 5G,400.00
1191371,XYZAL 5MG 1x10'S,132.00
1191372,KEPPRA 250MG 3x10'S,670.00
1191375,ZYRTEC 10MG 10'S,99.00
1191376,ZYRTEC SYRUP 75ML,98.00
1191378,ELLGY H2O ARR LOTION 250G,164.00
1191380,EZERRA CREAM 25G (S),384.00
1191381,EZERRA CREAM 50G (L),577.00
1191382,EZERRA EXTRA GENTLE CLEANSER 150ML,130.00
1191383,EZERRA LOTION 150ML,390.00
1191384,DIFFLAM FORTE THROAT SPRAY 15ML,218.00
1191385,DIFFLAM HONEY&LEMON 24x8'S,502.00
1191386,DIFFLAM MINT FRESH SF 2x8'S,154.00
1191387,DIFFLAM ORANGE+VIT-C 24x8'S,502.00
1191388,DIFFLAM SOLUTION 100ML,109.00
1191389,DIFFLAM WILD BERRY 24x8'S,502.00
1191390,NORGESIC 2x10'S,57.50
1191391,NUELIN SR 200MG 5x20'S,200.00
1191392,HUMALOG MIX 25 100IU/ML LILLY (แช่เย็น),1360.00
1191393,HUMULIN 70/30 100IU LILLY (10ML) (แช่เย็น),345.00
1191397,MEGA ALERTEN 100MG 3x10'S,550.00
1191398,MEGA ALERTEN 50MG 30'S,470.00
1191399,MEGA ASTAX 4MG 3x10'S,295.00
1191402,MEGA BETACAR-15 60'S,252.00
1191406,MEGA CALCIUM-D WITH SOY GERM 30'S,373.00
1191407,MEGA CALCIUM-D 60'S,180.00
1191408,MEGA CALCIUM-D 90'S,264.00
1191409,MEGA CHOLEZZ SOFTGEL 3x10'S,520.00
1191411,MEGA CLA ADVANCE 3x10'S,465.00
1191412,MEGA COSANOL 30'S,311.00
1191415,MEGA DOFLAM 50MG 1x10'S,74.00
1191416,MEGA D-TOXI 30'S,320.00
1191417,MEGA ECHINAX 10x10'S,920.00
1191418,MEGA EUGICA COFF 15x8'S,284.00
1191419,MEGA EUGICA MOUTH SPRAY 10ML,71.50
1191420,MEGA EVENING PRIMROSE OIL 1000MG 100'S,362.00
1191421,MEGA EVENING PRIMROSE OIL 1000MG 200'S,715.00
1191422,MEGA FEMOSA 3x10'S,393.00
1191423,MEGA FIBER 30SACHET,515.00
1191424,MEGA FISH OIL 1000MG 100'S,340.00
1191425,MEGA FISH OIL 1000MG 200'S,642.00
1191426,MEGA FLEXIGEN 15SACHET,492.00
1191427,MEGA FLEXSA 1500MG 31SACHET,450.00
1191428,MEGA FLEXSA 500MG 3x10'S,159.00
1191429,MEGA GARLIC OIL 100'S,103.00
1191432,MEGA GINSOMIN 20x8'S,1040.00
1191437,MEGA GRAPE SEED EXTRACT 20MG 60'S,288.00
1191438,MEGA GRAPE SEED HS 30'S,620.00
1191440,MEGA HI-GREEN 3x10'S,300.00
1191441,MEGA II CARE 3x10'S,206.00
1191442,MEGA II CARE 4x30'S (SET B),759.00
1191444,MEGA LECITHIN 1200MG 100'S,248.00
1191445,MEGA LECITHIN 1200MG 200'S,468.00
1191446,MEGA LIPO-X 3x10'S,284.00
1191448,MEGA LOREZE 1x10'S,84.00
1191451,MEGA MAXX OMEGA-3 60'S (+FISH OIL 30'S),424.00
1191452,MEGA MUCLEAR 10'S,122.00
1191453,MEGA MULTILIVES 30'S,584.00
1191454,MEGA MULTIZYME 4'S,59.00
1191455,MEGA NAPROFAZT 1x10'S,99.00
1191457,MEGA NAT-B 100'S,552.00
1191458,MEGA NAT-B 40'S,236.00
1191459,MEGA NAT-C 1000MG 150'S,535.00
1191460,MEGA NAT-C 1000MG 30'S,178.00
1191461,MEGA NAT-C 1000MG 60'S,237.00
1191462,MEGA NAT-C ESTER 1000MG 30SACHET,204.00
1191463,MEGA NAT-C YUMMY GUMMYZ 25x2'S,84.00
1191465,MEGA NAT-E 400IU 30'S,334.00
1191466,MEGA NORMAGUT 10'S,231.00
1191467,MEGA OPTIVIT 30'S,400.00
1191468,MEGA PRO AMINO 10SACHET,665.00
1191469,MEGA PRODEFENZ 30SACHET,735.00
1191472,MEGA PYNOCARE WHITE 2x10'S,550.00
1191473,MEGA REGENEZ 3x10'S,290.00
1191474,MEGA REGENEZ HAIR TONIC 30ML,177.00
1191477,MEGA RIVITA 4x30'S (3+1) (SET B),1270.00
1191478,MEGA SAMETTO 3x10'S,484.00
1191479,MEGA ULTRAPRO CHOCOLATE 900G,1430.00
1191480,MEGA ULTRAPRO VANILLA 900G,1430.00
1191481,MEGA STERCIA 5MG 3x10'S (PROSCAR),414.00
1191482,MEGA STERZAR 1MG 4x7'S (PROPECIA),264.00
1191484,MEGA ULTRAPRO ISOLATE CHOCOLATE 900G,1710.00
1191486,MEGA VALIAN-X 12x10'S,94.00
1191487,MEGA VIAFLEX 1500MG 30SACHET,292.00
1191488,MEGA VITAMIN-A 25000IU 100'S,73.00
1191489,MEGA VITAMIN-E 100IU 100'S,204.00
1191490,MEGA VITAMIN-E 200IU 60'S,202.00
1191491,MEGA VITAMIN-E 400IU 30'S,204.00
1191492,MEGA WHEY-S 1x10ซอง,655.00
1191493,MEGA ZEMAX SX 3x10'S,310.00
1191494,MEGA ZEMAX SX 3x10'S (SET A) (SPECIAL PACK),880.00
1191495,MEGA ZINCOMIN 60'S,210.00
1191497,AERIUS 5MG 10'S,250.00
1191499,CERAZETTE 28'S,184.00
1191500,COZAAR 100MG 3x10'S (BLUE),930.00
1191501,COZAAR 50MG 2x15'S,885.00
1191502,EXLUTON 28'S,98.00
1191503,EZETROL 10MG 3x10'S,1400.00
1191504,FORTZAAR 100/25MG 3x10'S,1008.00
1191505,HYZAAR 50/12.5MG 2x15'S,885.00
1191506,JANUMET 50/1000MG 8x7'S,1440.00
1191507,JANUMET 50/500MG 8x7'S,1440.00
1191509,MARVELON 21'S,100.00
1191510,MARVELON 28'S,100.00
1191511,MERCILON 21'S,155.00
1191512,MERCILON 28'S,155.00
1191513,NASONEX NASAL SPRAY 0.05% 140D,760.00
1191514,NASONEX NASAL SPRAY 0.05% 60D,444.00
1191515,SINGULAIR 10MG 4x7'S,1200.00
1191517,SINGULAIR 4MG 4x7'S,755.00
1191518,SINGULAIR 5MG 4x7'S,755.00
1191519,VYTORIN 10MG/10MG 3x10'S (BLUE),1535.00
1191520,VYTORIN 10MG/20MG 3x10'S (RED),1745.00
1191521,FOSAMAX PLUS 70MG/5600IU 4'S,1350.00
1191522,PROPECIA 1MG 4x7'S,1190.00
1191527,DIPROSALIC OINTMENT 15G,230.00
1191528,DIPROSALIC OINTMENT 5G,101.00
1191529,DIPROSONE CREAM 15G,141.00
1191530,DIPROTOP OINTMENT 5G,81.00
1191531,ELOMET CREAM 15G,195.00
1191532,ELOMET CREAM 5G,93.00
1191533,ELOMET LOTION 0.1% 30ML,369.00
1191534,LIVIAL 28'S,919.00
1191536,QUADRIDERM CREAM 15G,185.00
1191537,QUADRIDERM CREAM 5G,85.00
1191539,ZOCOR 20MG 2x15'S,1388.00
1191540,COOL BABY PATCH 6'S,71.00
1191542,CO-DIOVAN 160/12.5MG 2x14'S,785.00
1191543,CO-DIOVAN 160/25MG 2x14'S,824.00
1191544,CO-DIOVAN 80/12.5MG 2x14'S,625.00
1191545,DIOVAN 160MG 2x14'S,732.00
1191546,DIOVAN 80MG 2x14'S,585.00
1191549,EXFORGE HCT 10/160/12.5MG 4x7'S,890.00
1191550,EXFORGE HCT 5/160/12.5MG 4x7'S,824.00
1191551,GALVUS 50MG 4x14'S,1200.00
1191552,GALVUS MET 50/1000MG 6x10'S,1290.00
1191553,GALVUS MET 50/500MG 6x10'S,1290.00
1191554,LIORESAL 10MG 5x10'S,820.00
1191563,NEURONTIN 100MG 10x10'S,157.00
1191564,NEURONTIN 300MG 3x10'S,875.00
1191567,XALACOM ED 2.5ML (แช่เย็น),624.00
1191568,XALATAN ED 0.005% 2.5ML (แช่เย็น),535.00
1191569,นม FRESUBIN 300G (เวย์โปรตีนไอโซเลตชนิดผง),695.00
1191570,CALTRATE 600MG 60'S (BLUE),240.00
1191571,CALTRATE PLUS 120'S (VIOLET),542.00
1191573,CALTRATE PLUS 60'S (VIOLET),307.00
1191574,CALTRATE SILVER 50+ 120'S (PINK),605.00
1191575,CALTRATE SILVER 50+ 60'S (PINK),341.00
1191576,CENTRUM 100'S,668.00
1191577,CENTRUM 30'S,228.00
1191579,CENTRUM LUTEIN&LYCOPENE 30'S,220.00
1191580,CENTRUM LUTEIN&LYCOPENE 90'S,605.00
1191581,CENTRUM SILVER FG 30'S,278.00
1191582,CENTRUM SILVER FG 90'S,748.00
1191587,CENTRUM STRESSTABS IRON 30'S (RED),217.00
1191588,CENTRUM STRESSTABS IRON 60'S (RED),381.00
1191589,CENTRUM STRESSTABS ZINC 30'S (BLUE),217.00
1191590,CENTRUM STRESSTABS ZINC 60'S (BLUE),381.00
1191591,Z-BEC 60'S,323.00
1191594,ALDACTONE 25MG 10x10'S,320.00
1191595,ARISTOCORT 0.02% 15G (GOLD),47.00
1191596,ARISTOCORT-A 0.1% 15G (BLACK),72.00
1191597,DALACIN 300MG 2x10'S,484.00
1191598,DALACIN-T 10ML,82.00
1191599,DIFLUCAN 150MG 1'S,168.00
1191603,LOPID 300MG 6x10'S,450.00
1191604,LOPID 600MG 6x10'S,885.00
1191605,LOPID O.D. 900MG 3x10'S,570.00
1191606,MINIDIAB 5MG 2x15'S,104.00
1191607,OLMETEC 20MG 3x10'S,598.00
1191608,OLMETEC 40MG 3x10'S,834.00
1191614,PFIZER NORMETEC 5/20MG 3x10'S,610.00
1191615,PFIZER NORMETEC 5/40MG 3x10'S,880.00
1191616,PFIZER ZITHROMAX 250MG 6'S,420.00
1191618,PFIZER ZITHROMAX SYRUP 200MG/5ML 15ML,210.00
1191619,PONSTAN 500MG 25x10'S,44.50
1191620,TERRAMYCIN 3.5G (BOX),43.00
1191621,TERRAMYCIN 3.5G (NO BOX),26.00
1191624,SANDOZ AMOKSIKLAV (2X) 1000MG 2x5'S,117.00
1191630,SANDOZ BINOZYT 250MG 6'S (ZITHROMAX),116.00
1191631,SANDOZ CLOPIDOGREL 75MG 2x14'S (PLAVIX),505.00
1191632,SANDOZ CURAM 1000MG 6x2'S,167.00
1191636,SANDOZ DERMAZIN CREAM 25G,67.00
1191640,SANDOZ EZETIMIBE 10MG 3x10'S (EZETROL),898.00
1191641,SANDOZ GABAPENTIN 100MG 10x10'S,524.00
1191642,SANDOZ GABAPENTIN 300MG 10x10'S,86.00
1191643,SANDOZ MOMETASONE NS 0.05% 140D (NASONEX),527.00
1191644,SANDOZ PREGABALIN 25MG 8x7'S,539.00
1191645,SANDOZ PREGABALIN 75MG 8x7'S,1045.00
1191646,SANDOZ RABEPRAZOLE 20MG 2x7'S (PARIET),337.00
1191647,SANDOZ ROSUVASTATIN 10MG 2x14'S (CRESTOR),729.00
1191648,SANDOZ ROSUVASTATIN 20MG 2x14'S (CRESTOR),889.00
1191650,SANDOZ SIRDALUD 2MG 10x10'S,624.00
1191651,SANDOZ SIRDALUD 4MG 3x10'S,354.00
1191652,MENTHOLATUM 28G,40.00
1191653,MENTHOLATUM 85G,86.00
1191654,SELSUN 120CC (L),211.00
1191655,SELSUN 30CC (S),84.00
1191656,SELSUN 60CC (M),128.00
1191658,MEPTIN 50MCG 10x10'S,427.00
1191659,MEPTIN MINI 25MCG 10x10'S,312.00
1191660,MEPTIN SYRUP 5MCG 60ML,48.50
1191662,OTSUKA STERILE WATER 1000ML (น้ำกลั่น),34.00
1191663,OTSUKA น้ำเกลือ N.S.S. 1000ML (ORANGE),33.00
1191664,PLETAAL 50MG 10x10'S,173.00
1191666,นม AMINOLEBAN-ORAL 450G,520.00
1191667,นม BLENDERA-MF 2.5KG,680.00
1191670,นม NEO-MUNE MELON 400G,412.00
1191671,นม NEO-MUNE VANILLA 400G,409.00
1191672,นม PAN ENTERAL VANILLA 400G,248.00
1191673,CARDURA 1MG 10x10'S,112.50
1191674,CARDURA 2MG 10x10'S,132.00
1191675,CARDURA 4MG 10x10'S,185.00
1191676,CARDURA XL 4MG 3x10'S,674.00
1191677,CELEBREX 200MG 10x10'S,231.00
1191679,CELEBREX 400MG 6x10'S,2400.00
1191680,DILANTIN 100MG 100'S,393.00
1191681,EFEXOR XR 37.5MG 7'S,310.00
1191682,EFEXOR XR 75MG 2x14'S,1400.00
1191683,LIPITOR 10MG 3x10'S,1220.00
1191684,LIPITOR 20MG 3x10'S,1654.00
1191685,LIPITOR 40MG 3x10'S,2150.00
1191686,LIPITOR 80MG 3x10'S,2350.00
1191687,LYRICA 150MG 4x14'S,3880.00
1191688,LYRICA 25MG 4x14'S,1065.00
1191689,LYRICA 75MG 4x14'S,570.00
1191690,PFIZER XARATOR 10MG 3x10'S,514.00
1191691,PFIZER XARATOR 20MG 3x10'S,645.00
1191692,PFIZER XARATOR 40MG 3x10'S,785.00
1191693,RELPAX 40MG 2'S,210.00
1191694,SERMION 10MG 2x25'S,407.00
1191695,SERMION 30MG 2x15'S,698.00
1191697,ZOLOFT 50MG 3x10'S,1170.00
1191700,PERSKINDOL CLASSIC GEL 100ML,194.00
1191701,PERSKINDOL CLASSIC SPRAY 150ML,223.00
1191702,PERSKINDOL COOL GEL 100ML,183.00
1191703,PERSKINDOL COOL SPRAY 250ML,204.00
1191704,น้ำมันมวย 120มล (ใหญ่),91.00
1191705,น้ำมันมวย 15มล (จิ๋ว),23.00
1191706,น้ำมันมวย 30มล (เล็ก),37.00
1191707,น้ำมันมวย 450มล (ปอนด์),250.00
1191708,น้ำมันมวย 60มล (กลาง),60.00
1191711,มวยครีม 12x100กรัม (ใหญ่),72.50
1191712,มวยครีม 12x30กรัม (เล็ก),32.00
1191713,REGRO PROTECTIVE CONDITIONER 170ML,165.00
1191714,REGRO PROTECTIVE SHAMPOO 200ML (TWIN PACK),278.00
1191715,BIOPHARM ALBEN 200MG 50x2'S,378.00
1191716,BIOPHARM ALBEN 10ML (น้ำ),17.50
1191717,BIOPHARM AMXOL 10x10'S,75.00
1191718,BIOPHARM AMXOL SYRUP 60ML,19.00
1191723,BIOPHARM BELCID FORTE SUSP 240ML,35.00
1191724,BIOPHARM BELCID SUSP 240ML,35.00
1191725,BIOPHARM BIO VIT-C BERRY 50ซองx20'S,239.00
1191726,BIOPHARM BIO VIT-C ORANGE 50ซองx20'S,239.00
1191728,BIOPHARM BIOCOXIB 90MG 5x5'S (ARCOXIA),420.00
1191729,BIOPHARM BIOCALM 50MG 100x10'S,10.50
1191730,BIOPHARM BIOTRIL-S 1500MG 30ซอง,415.00
1191731,BIOPHARM CALVIN GOLD 60'S,512.00
1191733,BIOPHARM GUMMY CALCIUM 60G (VIOLET),35.50
1191735,BIOPHARM GUMMY MULTIVITAMIN 60G (RED),35.50
1191736,BIOPHARM GUMMY VIT-C 60G (ORANGE),35.50
1191739,BIOPHARM BIOZOLE 150MG 1x1'S (VIOLET),23.75
1191740,BIOPHARM BIOZOLE 200MG 5x10'S (WHITE-VIOLET),535.00
1191741,BIOPHARM CLARID 1x10'S (CLARITYNE),12.00
1191742,BIOPHARM CLOBET CREAM 10G,35.00
1191743,BIOPHARM CLOBET CREAM 5G,23.50
1191744,BIOPHARM COTREN CREAM 5G (BIOLAB),15.00
1191745,BIOPHARM ENARIL 20MG 10x10'S,92.00
1191746,BIOPHARM ENARIL 5MG 10x10'S,62.00
1191747,BIOPHARM FLANIL CREAM 100G,66.00
1191748,BIOPHARM FLANIL CREAM 30G,24.00
1191749,BIOPHARM FLANIL CREAM 60G,42.00
1191750,BIOPHARM FLUDAN CAPSULES 5MG 50x10'S,380.00
1191751,BIOPHARM FUNGAZOL 200MG 25x10'S,19.50
1191754,BIOPHARM LIVALO 2MG 10x10'S,2190.00
1191755,BIOPHARM LOTEMP 60ML (STRAWBERRY),26.00
1191756,BIOPHARM LOTEMP FORTE 60ML (ORANGE),29.50
1191757,BIOPHARM MADONNA 2'S,22.00
1191760,BIOPHARM MILK MILK 24x15'S (SWEET),284.00
1191762,BIOPHARM MINNY 21'S,90.00
1191763,BIOPHARM MINNY 28'S,90.00
1191765,BIOPHARM ROXCIN 150MG 10x10'S,186.00
1191766,BIOPHARM SALMOL EXPECTORANT 60ML (BLUE),18.50
1191767,BIOPHARM SALMOL SYRUP 60ML (PINK),18.50
1191768,SENNA 2x20'S,31.50
1191769,SENNA 50'S (ขวด),23.00
1191770,BIOPHARM SUCEE 21'S,87.00
1191771,BIOPHARM SUCEE 28'S,87.00
1191773,BIOPHARM ZEVIN 200MG 5x5'S,84.00
1191774,BIOPHARM ZEVIN 400MG 7x10'S,455.00
1191775,BIOPHARM ZEVIN CREAM 10G,100.00
1191776,BIOPHARM ZEVIN CREAM 1Gx10SAC,100.00
1191777,BIOPHARM ZEVIN CREAM 3G,36.50
1191779,งามระหง ขมิ้นชัน 100แคปซูล (ขวด),69.00
1191781,งามระหง ฟ้าทะลายโจร 100แคปซูล,80.00
1191783,งามระหง มะรุม โมรินกา 100แคปซูล,85.00
1191784,งามระหง ยาเม็ด 80เม็ด,38.00
1191785,งามระหง ยาชง 30ซอง,59.50
1191787,ยาอม ตราอินทนนท์ 24x15เม็ด,522.00
1191788,BERLIN AMLOPINE 10MG 10x10'S,210.00
1191789,BERLIN AMLOPINE 5MG 10x10'S,157.00
1191790,BERLIN BESTATIN 10MG 10x10'S,112.00
1191791,BERLIN BESTATIN 20MG 10x10'S,149.00
1191792,BERLIN BESTATIN 40MG 10x10'S,240.00
1191793,BERLIN MIRACID 20MG 1x14'S,35.50
1191794,BERLIN PRENOLOL 100MG 10x10'S,99.00
1191795,BERLIN PRENOLOL 25MG 50x10'S,4.70
1191796,BERLIN PRENOLOL 50MG 10x10'S,56.00
1191797,BERLIN SOPROXEN 275MG 10x10'S (SYNFLEX),182.00
1191798,BERLIN ANAPRIL 20MG 10x10'S,102.00
1191799,BERLIN ANAPRIL 5MG 10x10'S,61.00
1191800,BERLIN APOLETS 75MG 3x10'S (PLAVIX),295.00
1191801,BERLIN BEGESIC 30G,28.00
1191802,BERLIN CARATEN 12.5MG 10x10'S,679.00
1191803,BERLIN CARATEN 25MG 10x10'S,874.00
1191804,BERLIN CARATEN 6.25MG 10x10'S,588.00
1191805,BERLIN BETALOL 10MG 100x10'S,5.00
1191806,BERLIN BETALOL 40MG 100x10'S,8.00
1191807,BERLIN FLEMING 1000MG 10x10'S,1125.00
1191808,BERLIN FLEMING 1000MG 1x10'S,95.00
1191809,BERLIN DILIZEM 30MG 10x10'S,157.00
1191810,BERLIN DUSPATIN 135 FOIL 10x10'S,297.00
1191811,BERLIN FIBRIL 160MG 3x10'S (SUPRALIP),177.00
1191812,BERLIN HEPALAC 100ML,80.00
1191813,BERLIN HIDIL CAP 300MG 10x10'S,197.00
1191814,BERLIN HIDIL TAB 600MG 10x10'S,337.00
1191815,BERLIN HYLES 25MG 10x10'S,138.00
1191816,BERLIN ISOTRATE 10MG 50x10'S,346.00
1191818,BERLIN MIRACID 20MG 10x10'S,178.00
1191819,BERLIN MONOLIN 20MG 10x10'S,142.00
1191820,BERLIN MUCILIN 5Gx30'S (ORANGE),254.00
1191823,BERLIN MUCILIN-SF 5Gx10'S,90.00
1191824,BERLIN MUCILIN-SF 5Gx10'S (MIXBERRY),90.00
1191826,BERLIN NELAPINE 20MG SR 3x10'S,100.00
1191828,BERLIN SAMARIN 140MG 10x10'S,535.00
1191829,BERLIN SAMARIN 70MG 10x10'S,279.00
1191830,BERLIN URSOLIN 250MG 10x10'S,914.00
1191835,SIAM ANTAZALLERGE EYE DROPS 10x10ML,42.00
1191836,SIAM AZITH 250MG 6'S (ZITHROMAX),117.00
1191837,SIAM AZITH DRY 200MG/5ML 15ML,138.00
1191838,SIAM CAVUMOX 1G 5x3'S,165.00
1191839,SIAM CAVUMOX 625MG 5x3'S,240.00
1191842,SIAM CAVUMOX SYRUP 457MG 70ML,148.00
1191843,SIAM CIFLOXIN 250MG 10x10'S,382.00
1191844,SIAM CIFLOXIN 500MG 10'S,67.00
1191845,SIAM DEFUNGO VT 0.1Gx6'S,27.00
1191846,SIAM DEFUNGO VT 0.5Gx1'S,28.00
1191847,SIAM DIASGEST 10x10'S,204.00
1191848,SIAM DIPAZIDE 5MG 10x10'S (MINIDIAB),134.00
1191849,SIAM DITIZEM 30MG 10x10'S,198.00
1191852,SIAM DOSANAC GEL 25G,42.50
1191853,SIAM EYEDEX EYE-EAR DROPS 10x5ML,36.00
1191854,SIAM FIRIDE 1MG 3x10'S (PROPECIA),277.00
1191855,SIAM FIRIDE 5MG 3x10'S (PROSCAR),360.00
1191856,SIAM FLAMIC 10MG 10x10'S (BLUE),142.00
1191857,SIAM FLAMIC GEL 25G,45.00
1191858,SIAM FLUCOZOLE 150MGx1'S (แผง),27.00
1191859,SIAM FLUCOZOLE 200MG 5x10'S,754.00
1191860,SIAM FURETIC 40MG 10x10'S (แผง),215.00
1191861,SIAM GRAMMIXIN CREAM 10G,31.50
1191862,SIAM HARTSORB 5MG 10x10'S,119.00
1191863,SIAM HEIDI 400MG 20x10'S (WHITE),498.00
1191865,SIAM IBIAMOX 500MG 2x10'S,94.00
1191867,SIAM IBIAMOX SYRUP 250MG/5ML 60ML,70.00
1191868,SIAM IBILEX 500MG 10x10'S,790.00
1191869,SIAM IBILEX SYRUP 125MG/5ML 60ML,68.00
1191870,SIAM KETAZON SHAMPOO 100ML,99.00
1191871,SIAM LEFLOXIN 500MG FOIL 10'S,247.00
1191872,SIAM LORANTA 100MG 3x10'S,197.00
1191873,SIAM LORANTA 50MG 3x10'S,147.00
1191875,SIAM MELOX 7.5MG 10'S (BLUE),47.00
1191876,SIAM METROLEX 400MG 10x10'S,132.00
1191877,SIAM MOLAX SUPENSION 30ML,46.00
1191878,SIAM MOLAX-M 10x10'S,130.00
1191879,SIAM NEUVIPLEX 3x10'S,50.50
1191880,SIAM NORXACIN 400MG 1x8'S,44.00
1191881,SIAM OFLOXIN 200MG 10x10'S,443.00
1191882,SIAM O-SID 20MG 14'S,64.00
1191884,SIAM SAMNIR 100MG 10'S,138.00
1191885,SIAM SIADOCIN DOXYCYCLINE 1x10'S,33.00
1191886,SIAM SIALEXIN 500MG 10x10'S,525.00
1191887,SIAM SIALEXIN SUSPENSION 125MG 60ML,55.00
1191888,SIAM SIAMFORMET 500MG 10x10'S,107.00
1191889,SIAM SIAMFORMET 850MG 10x10'S,194.00
1191890,SIAM SIAMIDINE 400MG 10x10'S,134.00
1191891,SIAM SIAMOX 250MG 10x10'S,205.00
1191892,SIAM SIAMOX 500MG 1x10'S,28.00
1191894,SIAM SIAMOX SYRUP 250MG 60ML,67.00
1191895,SIAM SIARIZINE 25MG 10x10'S,105.00
1191896,SIAM SIMOYIAM 5MG 10x10'S,115.00
1191897,SIAM SUGRIL 5MG 10x10'S,76.00
1191898,SIAM TAUGLICOLO 10x10'S,127.00
1191900,SIAM TENOLOL 100MG 10x10'S,176.00
1191901,SIAM TENOLOL 50MG 10x10'S,117.00
1191902,SIAM ULCEFATE 1G 10x10'S,714.00
1191903,SIAM ULCEFATE SUSP 240ML,498.00
1191904,SIAM ULCEFATE SUSP 60ML,150.00
1191905,SIAM ULCEFATE SUSP 20x5ML (ซอง),487.00
1191906,SIAM VILERM 200MG 5x5'S,136.00
1191907,SIAM VILERM 400MG 14x5'S,654.00
1191908,SIAM VILERM 800MG 7x5'S,460.00
1191909,SIAM VILERM CREAM 1Gx10SAC,156.00
1191910,SIAM VILERM CREAM 5G,50.00
1191913,TO ALBATEL 100'S,118.00
1191914,TO ALLORIC 100MG 500'S,210.00
1191915,TO ALLORIC 100MG 50x10'S,240.00
1191916,TO AMICO 1x1000'S (YELLOW),238.00
1191917,TO AMILOZIDE 500'S,225.00
1191918,TO AMILOZIDE 50x10'S,5.50
1191919,TO ATHRIL 250MG 500'S,525.00
1191920,TO ATHRIL 250MG 80'S,112.00
1191921,TO ATHRIL 30'S (POWDER),217.00
1191922,TO AZITHRIN 1x6'S (ZITHROMAX),76.00
1191925,TO BACOTAN SYRUP 30ML (NO BOX),13.00
1191926,TO BETOSALIC OINTMENT 15G,48.00
1191927,TO BETOSALIC OINTMENT 5G,24.00
1191930,TO BROMSO 1000'S (WHITE),149.00
1191931,TO BROMSO 60ML (NO BOX),12.00
1191932,TO CANAZOL CREAM 450G,230.00
1191933,TO CANAZOL CREAM 5G,198.00
1191935,TO CANAZOL VAGINAL 6'S (YELLOW),25.42
1191936,TO CANAZOL-BE CREAM 15G,39.00
1191937,TO CANAZOL-BE CREAM 450G,300.00
1191938,TO CANAZOL-BE CREAM 5G,19.50
1191939,TO CARDELOC 50x10'S,7.00
1191940,TO CARDENOL 10MG 1000'S,110.00
1191941,TO CARDENOL 40MG 1000'S,210.00
1191942,TO CETRIZIN 10MG 10x10'S (S),65.00
1191943,TO CETRIZIN 10MG 50x10'S,250.00
1191944,TO CETRIZIN SYRUP 60ML,12.00
1191946,TO CINNARIZINE 100x10'S,2.20
1191947,TO CINNARIZINE CONTAINS 1000'S,195.00
1191948,TO CIPROCEP 250MG 10x10'S,110.00
1191949,TO CIPROCEP 500MG 10x10'S,160.00
1191950,TO CLONOVATE CREAM 15G,47.00
1191951,TO CLONOVATE CREAM 450G,280.00
1191952,TO CLONOVATE CREAM 5G,24.00
1191953,TO COLOGEN 1000'S,370.00
1191954,TO DAFOMIN 500MG 3x10'S (S),122.00
1191955,TO DAFOMIN 500MG 30x10'S (L),945.00
1191956,TO DESEC 20MG 2x10'S (แผง),33.00
1191957,TO DOXYCLATE 100MG 500'S (GREEN),384.00
1191958,TO FLAVORIN 100'S,172.00
1191959,TO FLAVORIN 10x10'S,190.00
1191960,TO FLUNCO 200MG 5x10'S (BLUE-WHITE),230.00
1191961,TO FLUOXINE 20MG 50x10'S,6.50
1191962,TO GENTADERM CREAM 5G,21.00
1191963,TO GLUCOLYTE 500MG 500'S,154.00
1191964,TO GLUCOLYTE 500MG 50x10'S,190.00
1191965,TO GLUCOLYTE 850MG 300'S,160.00
1191967,TO H.D.T.Z. 1000'S (ORANGE),189.00
1191968,TO HALODIN 60ML (NO BOX),12.00
1191969,TO HALODIN FOIL 50x10'S,250.00
1191970,TO HARIFIN 5MG 3x10'S (PROSCAR),255.00
1191971,TO HARIFIN-1 3x10'S,159.00
1191973,TO IBROFEN 200MG 1000'S (ขวด) (ชมพูกลม),310.00
1191974,TO IBROFEN 400MG 500'S (PINK),310.00
1191975,TO IBROFEN 400MG 50x10'S (PINK),360.00
1191976,TO IBROFEN 600MG 25x10'S,320.00
1191977,TO IBROFEN SYRUP 60ML (น้ำ) (NO BOX),13.00
1191978,TO IMPELIUM 2MG 1000'S,225.00
1191979,TO KELA CREAM 15G,32.00
1191980,TO KELA CREAM 450G,240.00
1191981,TO KELA CREAM 5G,17.50
1191982,TO KELA LOTION 30ML,24.00
1191983,TO KELA LOTION 60ML,36.50
1191984,TO KELA PLUS 5G (GREEN),17.50
1191985,TO KENO ORAL PASTE 5G,27.00
1191986,TO KONOVID 200MG 10x10'S (BLUE),160.00
1191987,TO LEVTRIZIN 5MG 1x10'S (XYZAL),53.00
1191988,TO MECOBAL 500MCG 50x10'S (METHYCOBAL),580.00
1191989,TO MELOBIC 15MG 10x10'S (แผง),390.00
1191990,TO MELOBIC 7.5MG 50x10'S (แผง),898.00
1191991,TO MELOBIC 7.5MG 10x10'S (แผง),260.00
1191992,TO MERLIN 6MG 50x10'S (MERISLON),4.60
1191993,TO MISOVAN 500'S (WHITE),160.00
1191994,TO MOTIDOM-M 500'S (WHITE),138.00
1191995,TO MOTIDOM-M FOIL 50x10'S,157.00
1191996,TO MUCIL 100MG 30'S,51.00
1191997,TO MUCIL 200MG 30'S,61.00
1191998,TO MUFLEX 50x10'S,470.00
1191999,TO MUPORIN OINTMENT 5G,43.00
1192000,TO MYOXAN 50x10'S,253.00
1192001,TO NIL 5MG 1000'S (WHITE),130.00
1192002,TO NIL 5MG 100x10'S,2.00
1192003,TO NINAZOL 100'S,135.00
1192004,TO NINAZOL CREAM 10G,32.00
1192005,TO NINAZOL CREAM 5G,21.00
1192006,TO NINAZOL SHAMPOO 100CC,52.00
1192007,TO NINAZOL10x10'S,155.00
1192008,TO NORFLOXIN 400MG 100'S,125.00
1192009,TO NORFLOXIN 400MG 10x10'S,145.00
1192010,TO NSS 0.9% 100x5ML (ยาฉีด),355.00
1192011,TO NURASIC 450MG 500'S,202.00
1192012,TO NURASIC 50x10'S,233.00
1192013,TO NURO-B FOIL 30x10'S,534.00
1192014,TO OLFOVEL 500MG 10'S,105.00
1192015,TO PARA PEDIATRIC 60ML (RED) (NO BOX),14.00
1192016,TO PIROXICAM 10MG 1000'S (ขวด) (WHITE),260.00
1192017,TO PRAZOSIN 1MG 250'S,92.00
1192018,TO PTU 50MG 1000'S (WHITE),430.00
1192020,TO RESPIMOL INHALER 200D (พ่น) (VENTOLIN),75.00
1192022,TO RETEN FIVE 30ML (BLUE),138.00
1192023,TO RETEN FIVE SPRAY 60ML (BLUE),265.00
1192024,TO RETEN SPRAY 100ML (PURPLE),185.00
1192025,TO RHUMANOL GEL 20G,22.00
1192026,TO ROXIFEN 10MG 1000'S (ขวด) (BLUE-RED),260.00
1192027,TO ROXIFEN FORTE 20MG 500'S,260.00
1192028,TO ROXIFEN GEL 25G,22.00
1192029,TO ROXTHRIN 150MG 10x10'S,154.00
1192030,TO SELFIDE 120ML (L),70.00
1192031,TO SELFIDE 30ML (S),27.00
1192032,TO SELFIDE 60ML (M),50.00
1192033,TO SILVERDERM CREAM 25G,29.00
1192034,TO SILVERDERM CREAM 450G,300.00
1192036,TO SOBELIN 50x10'S,170.00
1192037,TO SOBELIN CONTAINS 1000'S,260.00
1192039,TO SPECTRIM FORTE 50x10'S,8.80
1192040,TO SPECTRIM SUSPENSION 60ML,12.00
1192041,TO TARAXIN 10MG 1000'S,172.00
1192042,TO TARAXIN 10MG 100x10'S,213.00
1192043,TO TARAXIN 25MG 500'S,260.00
1192044,TO TERBUTALINE 1000'S (WHITE),164.00
1192045,TO TICLODIN 250MG 10x10'S,365.00
1192046,TO TILNOXCAM 10x10'S,130.00
1192047,TO TODACIN 300MG 10x10'S,310.00
1192048,TO TODESAAR 16MG 3x10'S (BLOPRESS),470.00
1192049,TO TODESAAR 8MG 3x10'S (BLOPRESS),340.00
1192050,TO TOFEXO 60MG 5x10'S,140.00
1192051,TO TOFLEX 500MG 10x10'S,249.00
1192052,TO TOFLEX DRY 250MG 60ML (NO BOX),37.00
1192053,TO TOLCHICINE 100x10'S,462.00
1192054,TO TOLCHICINE 10x10'S,60.00
1192055,TO TONIZEP 5MG 2x14'S,420.00
1192057,TO TOPRELIN 25MG 4x14'S,210.00
1192058,TO TOPRELIN 75MG 4x14'S,520.00
1192059,TO TRAMIC 500MG 10x10'S,388.00
1192060,TO TYSTATIN SUSP. 12CC,33.00
1192061,TO ULCEMET 200MG 500'S,282.00
1192063,TO ULCEMET 400MG 500'S,513.00
1192064,TO ULCEMET 400MG 50x10'S,535.00
1192065,TO ULFAMET 20MG 500'S,195.00
1192066,TO VIOLIN 2MG 1000'S (PINK) (VENTOLIN),143.00
1192067,TO VOLNAC 25MG 1000'S,120.00
1192068,TO ZETOFEN 500'S,220.00
1192069,TO ZOCOVIN 200MG 5x5'S,68.00
1192070,TO ZOCOVIN 400MG 7x10'S,190.00
1192072,TO AMOXI 250MG 1000'S (GREEN-BLUE),639.00
1192073,TO AMOXI 500MG 500'S (GREEN-BLUE),485.00
1192074,TO AMOXI 500MG 500'S (YELLOW-BROWN),485.00
1192075,TO AMOXI 500MG 50x10'S (GREEN-BLUE),525.00
1192076,TO AMOXI 500MG 50x10'S (YELLOW-BROWN),525.00
1192077,TO AMOXI DRY 125MG 60ML (NO BOX),15.00
1192078,TO AMOXI DRY 125MG 60ML ORANGE (BOX),19.00
1192079,TO AMOXI DRY 125MG 60ML ORANGE (NO BOX),14.00
1192080,TO AMOXI DRY FORTE 250MG 60ML (BOX),24.00
1192081,TO AMOXI DRY FORTE 250MG 60ML (NO BOX),19.50
1192082,TO AMPICILLIN 500MG 500'S (RED-BLACK),693.00
1192083,TO CLOXA 500MG 500'S (ORANGE-BLACK),610.00
1192084,TO CLOXA DRY 125MG 60ML (NO BOX),18.00
1192085,TO DICLOCILLIN 250MG 500'S (BLUE-WHITE),438.00
1192086,TO DICLOCILLIN 500MG 250'S (BLUE-WHITE),420.00
1192088,ยาบำรุงร่างกาย ตราพญานาค 150มล,20.00
1192089,ยาสตรี เพ็ญภาค 180มล (เล็ก),27.50
1192090,ยาสตรี เพ็ญภาค 180มล (สูตร2),29.50
1192091,ยาสตรี เพ็ญภาค 30แคปซูล,65.50
1192092,ยาสตรี เพ็ญภาค 300มล (ใหญ่),38.50
1192093,ALLERGIS STERILE EYE DROPS 5ML (หยอดตา),29.00
1192094,ANNA 50x28'S,1170.00
1192095,ANTERGAN CREAM 12x10G,25.00
1192096,ANTERGAN CREAM 12x5G,17.50
1192099,CANASONE C.B. CREAM 12x15G,45.50
1192100,CANASONE C.B. CREAM 12x5G,21.50
1192101,CISTEINE 100MG INFANT 60ML (BLUE),33.00
1192102,CISTEINE 250MG CHILDREN 60ML (RED),37.00
1192103,NASOLIN PL 24x10'S,16.50
1192104,NEOTICA 10MG 25x10'S (WHITE-GREEN),9.00
1192105,NEOTICA 20MG 10'S,16.00
1192106,NEOTICA BALM 100G,96.00
1192107,NEOTICA BALM 30G,38.00
1192108,NEOTICA BALM 60G,70.00
1192109,NEOTICA COOL 30G,37.00
1192110,ANAMAI 50x28'S,22.00
1192111,ANTACIL 50x10'S,477.00
1192112,ANTACIL GEL 1000ML,142.00
1192113,ANTACIL GEL 240ML,41.00
1192114,ANTACIL GEL 450ML,71.00
1192116,DIOXZYE 80MG 25x10'S (MINT),335.00
1192117,NORA SHAMPOO 100ML,130.00
1192118,NORA SHAMPOO 50ML,77.00
1192119,PREME 21'S,87.00
1192120,PREME 28'S,87.00
1192121,PREME NOBU ACNE 5G,51.00
1192122,SARA 12x60ML (ORANGE),38.00
1192123,SARA 12x60ML (STRAWBERRY),30.00
1192124,SARA 20x10'S (FOIL) (เม็ดรี),194.50
1192125,SARA 500MG 100'S (เม็ดรี),107.00
1192126,SARA 50x10'S (BLISTER),11.00
1192127,SARA 50x10'S (FOIL),9.85
1192128,ยาดม ท่านเจ้าคุณ 2มลx12หลอด,185.00
1192129,BEBIDOL 12x120ML,33.50
1192130,BENDA 500 12x1'S (YELLOW),176.00
1192131,BENDA 500 12x1'S (LEMON) (GREEN),176.00
1192132,BENDA น้ำ 30ML (MIXED FRUIT),18.25
1192133,BETA-DIPO 15G,40.00
1192134,BETA-DIPO 25G,60.00
1192135,BETA-DIPO 5G,23.00
1192136,BOWA GEL 240ML,35.00
1192137,DIORA 21'S (PINK),35.50
1192138,DIORA 28'S (BLUE),35.50
1192139,DURAN 400MG 10'S (ชมพูกลม),22.00
1192140,JENNY F.M.P. 50x28'S,21.50
1192142,ORMIST SYRUB 60ML (CETIRIZINE),32.00
1192143,SARA 100x10'S (FOIL) (เม็ดกลม),9.85
1192144,SARA 120MG/5ML 60ML (ทับทิม),29.50
1192145,SARA 160MG/5ML 60ML (GRAPE),32.50
1192146,SARA 20x10'S (FOIL) (เม็ดกลม),196.00
1192147,SARA 500MG 100'S (เม็ดกลม),107.00
1192148,SARA INFANT DROPS 15ML (GRAPE),30.00
1192149,PREME NOBU NATURAL FACE FOAM 100G,175.00
1192150,PREME NOBU NATURAL FACE FOAM 30G,62.00
1192151,PREME NOBU NATURAL FACE FOAM 50G,97.00
1192152,ANNYLYN 12x21'S (ORANGE),86.50
1192153,ANNYLYN 12x28'S (VIOLET),86.50
1192154,DERMAHEU CREAM 15G,59.00
1192155,DERMAHEU CREAM 25G,88.00
1192156,DERMAHEU CREAM 5G,30.00
1192157,DIFELENE 1% GEL 100G,87.00
1192158,DIFELENE 1% GEL 30G,32.00
1192159,DIFELENE 1% GEL 60G,59.00
1192160,DIFELENE 25MG 10'S (BLUE),13.00
1192161,DIFELENE 50MG 10'S (RED),20.00
1192162,R-DEN 28'S,28.00
1192163,TIFFY DEY 25x4'S,192.00
1192164,TIFFY RUB 20G (ขวด),47.50
1192165,TIFFY RUB 40G (ขวด),77.00
1192166,TORRENT 450MG 10'S (NORGESIC),14.50
1192167,TRAM LOTION 30ML,22.00
1192169,ยาธาตุน้ำขาว ไทยนคร 200มล,49.00
1192172,ยาสมุนไพรคุณสัมฤทธิ์ รากสามสิบ 60แคปซูล,285.00
1192175,ANB น้ำเกลือ KLEAN&KARE 100ML (S),25.00
1192176,ANB น้ำเกลือ KLEAN&KARE 1000ML (XL),48.00
1192177,ANB น้ำเกลือ KLEAN&KARE 500ML (L),36.50
1192178,ANB น้ำเกลือ N.S.S. 1000ML (ปากกว้าง),34.00
1192179,ANB D5S 1000CC+SET,43.00
1192180,ANB D5S1/2 1000CC+SET,43.00
1192181,ANB D5S1/2 500CC+SET,37.00
1192183,ANB KLEAN&KARE NIZZY SPRAY 18ML,58.00
1192185,ANB PEN-V 500000IU 2x6'S,18.00
1192186,ANB SENSI PLUS 100ML,44.00
1192187,ANB SENSI PLUS 500ML,128.00
1192188,ANB STERILE WATER 1000ML (น้ำกลั่น),34.00
1192190,ANB DEPOGESTIN 3ML (ยาคุมกำเนิดแบบฉีด),19.00
1192191,ANB IZE JELLI BALM 12x7G,194.00
1192192,ANB OP-IZE EYE WASH 110ML,29.50
1192193,GPO AMITRIPTYLINE 10MG 50x10'S,205.00
1192194,GPO AMITRIPTYLINE 25MG 50x10'S,322.00
1192195,GPO BETAMETHASONE CREAM 15G,27.00
1192196,GPO BETAMETHASONE CREAM 5G,15.00
1192197,GPO BETAMETHASONE-N CREAM 15G,44.00
1192199,GPO FOLIC ACID 5MG 1000'S,252.00
1192202,GPO LOSARTAN 50MG 20x15'S,325.00
1192203,GPO MILK OF MAGNESIA (M.O.M.) 240ML,44.00
1192204,GPO MILK OF MAGNESIA (M.O.M.) 450ML,61.00
1192205,GPO MIXT. CARMINATIVE 180ML,22.00
1192206,GPO MIXT. CARMINATIVE 450ML,65.00
1192207,GPO OMEPRAZOLE 20MG 10x10'S,76.00
1192209,GPO PREDNISOLONE-N CREAM 15G,39.00
1192210,GPO QUININE SULPHATE 300MG 1000'S,2820.00
1192211,GPO SODIUM FLUORIDE 100'S,46.00
1192213,GPO VIT B1-B6-B12 500'S (PINK),225.00
1192214,GPO VITAMIN-C 500MG 100'S,192.00
1192215,GPO ยาแก้ไอน้ำดำ 60ML,24.00
1192216,GPO ยาตำราหลวง,70.00
1192217,GPO ยาธาตุน้ำแดง 180ML,32.00
1192221,KAL-G 150G,495.00
1192222,KURAMI SHAMPOO SENSITIVE 125ML,121.00
1192225,NEOBUN 20x10'S,340.00
1192227,NEOBUN GEL COOL 5x2'S,183.00
1192231,NEOPLAST 100PCS (CLEAR),68.00
1192233,NEOPLAST ALCOHOL PAD 200'S,195.00
1192234,NEOPLAST KOOL PATCH 6PADS (ADULTS&CHILDREN),67.00
1192235,NEOPLAST-S ผ้า 1x100PCS,40.00
1192243,"NEOTAPE ผ้า 1""x10YDS สีขาว 12ROLLS (กระบอก)",465.00
1192244,"NEOTAPE ผ้า 1""x5YDS สีเนื้อ 12ROLLS (น้ำตาล)",392.00
1192245,"NEOTAPE ผ้า 1""x5YDS สีขาว 12ROLLS (น้ำเงิน)",392.00
1192246,"NEOTAPE ผ้า 0.5""x10YDS สีเนื้อ 12ROLLS (น้ำตาล)",325.00
1192247,"NEOTAPE ผ้า 0.5""x10YDS สีขาว 12ROLLS (น้ำเงิน)",272.00
1192248,"NEOTAPE ผ้า 2""x10YDS สีขาว 6ROLLS (กระบอก)",395.00
1192249,"NIPRO SYRING+NEEDLE 1ML+27x1/2""",244.00
1192250,NIPRO SYRINGE 10ML,210.00
1192251,NIPRO SYRINGE 20ML,195.00
1192252,NIPRO SYRINGE 3ML,130.00
1192253,NIPRO SYRINGE 5ML,152.00
1192254,"เข็ม NIPRO 18Gx1""",53.00
1192255,"เข็ม NIPRO 18Gx1.1/2""",53.00
1192256,"เข็ม NIPRO 20Gx1""",53.00
1192257,"เข็ม NIPRO 21Gx1""",53.00
1192258,"เข็ม NIPRO 22Gx1""",53.00
1192259,"เข็ม NIPRO 23Gx1""",53.00
1192260,"เข็ม NIPRO 23G x1.1/2""",53.00
1192261,"เข็ม NIPRO 24Gx1""",53.00
1192262,"เข็ม NIPRO 24Gx1.1/2""",53.00
1192263,"เข็ม NIPRO 25Gx1""",53.00
1192264,"เข็ม NIPRO 26Gx1/2""",53.00
1192265,"เข็ม NIPRO 27Gx1/2""",53.00
1192266,ยาไม่ต้องอยู่ไฟ ตราพารา แม่เลื่อน 240มล,56.00
1192267,ยาขับน้ำคาวปลา ตราพาราแม่เลื่อน 300มล,56.00
1192268,ยาประสระน้ำนม ตราพารา 24x25เม็ด,452.00
1192270,ยาสตรีบัวแก้ว ตราพารา สูตร 2 300มล,65.00
1192271,น้ำมันนกอินทรีย์ เบอร์ 3 3มล (เล็ก),23.00
1192272,น้ำมันนกอินทรีย์ เบอร์ 1 12มล (ใหญ่),58.00
1192273,น้ำมันนกอินทรีย์ เบอร์ 2 6มล (กลาง),34.50
1192274,CESOLINE-W 25MG 50x10'S,585.00
1192277,SYRINGE แก้ว 10CC,46.00
1192278,SYRINGE แก้ว 50CC KBM (ให้อาหาร) (หัวกลาง),203.00
1192279,TP VITAMIN B12 100MCG 1000'S (RED),244.00
1192281,กอเอี๊ยะปิดฝี ตราแมวกงจักร์ 100แผ่น,207.00
1192282,ขวดบรรจุยา 30มล (1ออนซ์) 100ขวด,98.00
1192283,ขวดบรรจุยา 60มล (2ออนซ์) 100ขวด,133.00
1192284,น้ำมันเหลืองตราสมถวิล 24มล,86.00
1192285,ยาสตรี อายูร่าพิ้งค์เลดี้ 500มล,98.00
1192286,HAEMOVIT 100'S,70.50
1192287,HAEMOVIT GOLD 31'S,197.00
1192290,ยาธาตุน้ำขาว กระต่ายบิน 200มล (กลาง),58.00
1192291,ยาธาตุน้ำขาว กระต่ายบิน 50มล (เล็ก),22.00
1192293,"3M COBAN 1""x5YDS (สีเนื้อ)",34.00
1192294,"3M COBAN 3""x5YDS (สีเนื้อ)",56.00
1192295,3M COLD HOT PACK (MAXI),245.00
1192296,3M COLD HOT PACK (MINI),67.00
1192297,"3M COLD HOT PACK 4x10"" (M)",134.00
1192298,3M EARPLUGS ที่อุดหูโฟม 4คู่,49.00
1192300,"3M MICROPORE 0.5""x10YDS (24ROLLS)",550.00
1192302,"3M MICROPORE 1""x10YDS (12ROLLS)",535.00
1192303,3M OPTICLUDE 6.35x4.75CM 20PCS (JUNIOR),103.00
1192304,3M OPTICLUDE 8.2x5.7CM 20PCS (REGULAR),135.00
1192309,"3M TRANSPORE 0.5""x10YDS (24ROLLS)",535.00
1192310,"3M TRANSPORE 0.5""x2.5YDS (12ROLLS)",91.00
1192311,"3M TRANSPORE 0.5""x5YDS (12ROLLS)",199.00
1192313,"3M TRANSPORE 1""x10YDS (12ROLLS)",515.00
1192318,3M แผ่นซับสิว 18ชิ้น (รุ่นมาตรฐาน) (แพ็คใหม่),59.00
1192325,"FUTURO ANKLE 7-8"" (S)",254.00
1192326,"FUTURO ANKLE 8-9"" (M)",254.00
1192327,"FUTURO ANKLE 9-10"" (L)",254.00
1192331,"FUTURO KNEE 12-14.5"" (S)",260.00
1192332,"FUTURO KNEE 14.5-17"" (M)",260.00
1192333,"FUTURO KNEE 17-19.5"" (L)",260.00
1192334,"FUTURO KNEE 19.5-22"" (XL)",260.00
1192335,"FUTURO WRIST SUPPORT 5.5-9.5"" (ปรับได้)",171.00
1192336,BYE BYE FEVER ADULT 3x2PCS,72.00
1192337,BYE BYE FEVER CHILDREN 3x2PCS,72.00
1192338,SALONPAS 20x10'S,34.00
1192339,SALONPAS CREAM 30G,41.00
1192340,SALONPAS PAIN RELIEF PATCH 3x10'S,687.00
1192341,SALONPAS PAIN RELIEF PATCH 5'S,109.00
1192343,CEFSPAN ORAL SUSPENSION 100MG/5ML 30ML,222.00
1192344,OSSIUM 200MG 10x10'S,405.00
1192345,VITAMINE C-WILL 500MG 50'S,360.00
1192346,เซโรงัง 100เม็ด (ใหญ่),197.00
1192347,เซโรงัง 50เม็ด (เล็ก),144.00
1192348,ถุงยาง SILKE 48x3ชิ้น,350.00
1192349,ยาหม่อง เสลดพังพอน ตราวังพรม 100กรัม,101.00
1192350,ยาหม่อง เสลดพังพอน ตราวังพรม 50กรัม,55.00
1192351,ยาหม่อง สูตรไพล ตราวังพรม 100กรัม,101.00
1192352,ยาหม่อง สูตรไพล ตราวังพรม 50กรัม,55.00
1192353,ศิริบัญชา ALCOHOL 12x180CC,18.50
1192354,ศิริบัญชา ALCOHOL 12x30CC,75.00
1192355,ศิริบัญชา ALCOHOL 12x60CC,8.50
1192356,ศิริบัญชา ALCOHOL 450 มล.,34.00
1192358,ศิริบัญชา ALCOHOL GEL 40G,18.00
1192359,ศิริบัญชา ALCOHOL GEL 450G,72.00
1192361,ศิริบัญชา ALCOHOL SPRAY 240CC,39.00
1192362,ศิริบัญชา ALCOHOL SPRAY 30CC,26.00
1192364,ศิริบัญชา CALAMINE LOTION 120CC,23.00
1192366,ศิริบัญชา CALAMINE LOTION 450CC,57.00
1192367,ศิริบัญชา CALAMINE LOTION 60CC,164.00
1192368,ศิริบัญชา HYDROGEN 12x30CC,55.00
1192369,ศิริบัญชา HYDROGEN 12x60CC,77.00
1192370,ศิริบัญชา HYDROGEN 450CC,19.00
1192371,ศิริบัญชา PURIDINE 12x15CC,162.00
1192372,ศิริบัญชา PURIDINE 12x30CC,195.00
1192374,ศิริบัญชา TINCTURE IODINE 450CC,129.00
1192375,ศิริบัญชา แป้งโยคี (1997) 100กรัม,83.00
1192376,ศิริบัญชา แป้งโยคี (1997) 6x60กรัม,94.00
1192378,ศิริบัญชา ด่างทับทิม 10กรัม 1x12ขวด,129.00
1192379,ศิริบัญชา ด่างทับทิม 400กรัม,180.00
1192380,ศิริบัญชา น้ำมันมะกอก 120มล,28.00
1192381,ศิริบัญชา น้ำมันมะกอก 12x30มล,84.00
1192382,ศิริบัญชา น้ำมันมะกอก 450มล,73.00
1192383,ศิริบัญชา น้ำมันมะกอก 60มล,21.00
1192384,ศิริบัญชา น้ำมันมะกอก โอลีน-อี 12x120มล,29.50
1192385,ศิริบัญชา น้ำมันมะกอก โอลีน-อี 12x60มล,25.00
1192386,ศิริบัญชา ผงโยคี 6x60กรัม,65.00
1192390,ศิริบัญชา มหาหิงค์ 60มล,13.00
1192391,ศิริบัญชา มหาหิงค์ลูกกลิ้ง 60มล,26.00
1192392,ศิริบัญชา ยาแก้ไอ โยคี 12x120มล,15.50
1192393,ศิริบัญชา ยาแก้ไอ โยคี 12x60มล,11.00
1192396,ศิริบัญชา ยาอมผสมมะขามป้อมแสงดาว 18ซอง,250.00
1192398,DENTISTE PLUS WHITE 160G (L) (+ของแถม),232.00
1192399,DENTISTE LOVE MINT 20'S (ลูกอม),69.00
1192400,DENTISTE PLUS WHITE 100G (S),162.00
1192401,DENTISTE PLUS WHITE 120G (PUMP) (M),222.00
1192403,DENTISTE ULTRA SENSITIVE 100G,155.00
1192404,PRO SKIN MARYLN CAPSULES 12'S,135.00
1192406,SMOOTH E A+ ANTI-MELASMA WHITE FOAM 4OZ,240.00
1192407,SMOOTH E ACNE HYDROGEL 7G,127.00
1192408,SMOOTH E ACNE HYDROGEL PLUS 10G,174.00
1192409,SMOOTH E BABY FACE CLEANSING GEL 1.5OZ,79.00
1192410,SMOOTH E BABY FACE CLEANSING GEL 3.3OZ,161.00
1192411,SMOOTH E BABY FACE CLEANSING GEL 5.5OZ,244.00
1192412,SMOOTH E BABY FACE FOAM 1OZ (GREEN),66.00
1192413,SMOOTH E BABY FACE FOAM 2OZ (GREEN),133.00
1192414,SMOOTH E BABY FACE FOAM 4OZ (GREEN),220.00
1192415,SMOOTH E BABY FACE FOAM 8OZ (GREEN),354.00
1192416,SMOOTH E BABY FACE SCRUB NIS 4OZ (GREEN),212.00
1192417,SMOOTH E BABY FACE SCRUB NIS 1.2OZ (GREEN),73.00
1192418,SMOOTH E BABY FACE SCRUB NIS 2.2OZ (GREEN),126.00
1192419,SMOOTH E CREAM (GREEN) 100G,486.00
1192420,SMOOTH E CREAM (GOLD) 12G/0.4OZ,109.00
1192421,SMOOTH E CREAM (GREEN) 15G,156.00
1192422,SMOOTH E CREAM (GOLD) 30G/1OZ,255.00
1192423,SMOOTH E CREAM (GREEN) 40G,267.00
1192424,SMOOTH E CREAM (GOLD) 65G/2.2OZ,485.00
1192425,SMOOTH E CREAM (GREEN) 7G,87.00
1192426,SMOOTH E CREAM PLUS WHITE 10G,93.00
1192427,SMOOTH E CREAM PLUS WHITE 30G,209.00
1192428,SMOOTH E CREAM PLUS WHITE 60G,325.00
1192429,SMOOTH E EXTERNAL 12'S (GREEN),205.00
1192430,SMOOTH E EXTERNAL 3'S (GREEN),56.00
1192432,SMOOTH E FACIAL FOAM 1.5OZ (GOLD),106.00
1192433,SMOOTH E FACIAL FOAM 4OZ (GOLD),277.00
1192435,SMOOTH E MAKEUP CLEANSING WATER 300ML,336.00
1192436,SMOOTH E MEN BABYFACE FOAM 1.2OZ,69.00
1192437,SMOOTH E MEN BABYFACE FOAM 2.5OZ,125.00
1192438,SMOOTH E MEN BABYFACE FOAM 4OZ,190.00
1192439,SMOOTH E MIRACLE CAPSULE 12'S (GOLD),325.00
1192440,SMOOTH E PERFECT EYE SOLUTION 15ML (GOLD),363.00
1192441,SMOOTH E PHYSICAL SPF50 15G (BEIGE),211.00
1192442,SMOOTH E PHYSICAL SPF50 15G (WHITE),211.00
1192443,SMOOTH E PHYSICAL SPF50 40G (BEIGE),544.00
1192444,SMOOTH E PHYSICAL SPF50 40G (WHITE),544.00
1192446,SMOOTH E SCAR SERUM 7G,226.00
1192447,SMOOTH E SKIN THERAPIE LOTION 100ML,148.00
1192448,SMOOTH E SKIN THERAPIE LOTION 200ML,255.00
1192449,SMOOTH E WHITE BABYFACE CREAM 0.4OZ,92.00
1192450,SMOOTH E WHITE BABYFACE CREAM 1OZ,210.00
1192451,SMOOTH E WHITE BABYFACE FOAM 1OZ,73.00
1192452,SMOOTH E WHITE BABYFACE FOAM 2OZ,127.00
1192453,SMOOTH E WHITE BABYFACE FOAM 4OZ,218.00
1192454,SMOOTH E WHITE BABYFACE FOAM 6OZ,283.00
1192455,SMOOTH E WHITE BABYFACE SCRUB 1.2OZ,85.00
1192456,SMOOTH E WHITE BABYFACE SCRUB 2.2OZ,150.00
1192457,SMOOTH E WHITE BABYFACE SCRUB 4.0OZ,262.00
1192458,SMOOTH E WHITE BABYFACE SERUM 0.4OZ,256.00
1192459,SMOOTH E WHITE BABYFACE SERUM 0.8OZ,422.00
1192460,SMOOTH E WHITE THERAPIE LOTION 100ML,164.00
1192461,SMOOTH E WHITE THERAPIE LOTION 200ML,290.00
1192462,SMOOTH E WHITENING TONER 150ML,197.00
1192463,GREATER BREWER YEAST 300MG 1000'S,360.00
1192465,GREATER FUNGIDERM-B 12x10G,29.75
1192466,GREATER FUNGIDERM-B 12x20G,53.00
1192467,GREATER FUNGIDERM-B 12x5G,18.00
1192468,GREATER GASTAB 1000'S,205.00
1192469,GREATER BETHASONE 12x15G (GREEN),31.00
1192470,GREATER BETHASONE 12x5G (GREEN),16.00
1192471,GREATER BETHASONE-N 12x15G (ORANGE),32.50
1192472,GREATER BETHASONE-N 12x5G (ORANGE),17.50
1192473,GREATER CA-R-BON CHARCOAL 10x10'S,144.00
1192474,GREATER MIFORMIN 500MG 50x10'S,295.00
1192475,GREATER MIFORMIN 850MG 25x10'S,288.00
1192476,GREATER MYDERMIC CREAM 15G,28.00
1192477,GREATER MUCOLID 30MG 50x10'S,14.50
1192478,GREATER MUCOLID JUNIOR SYRUP 60ML (STRAWBERRY),28.00
1192479,GREATER MUCOLID SYRUP 120ML,45.00
1192480,GREATER MUCOLID SYRUP 60ML,28.00
1192481,GREATER MYBACIN COOL MINT MOUTHWASH 250ML,40.00
1192482,GREATER MYBACIN COOL MINT MOUTHWASH 750ML,84.00
1192483,GREATER MYBACIN ZINC LEMON 140x10'S (PIP),980.00
1192484,GREATER MYBACIN ZINC ORANGE 140x10'S (PIP),980.00
1192485,GREATER MYBACIN ORIGINAL MOUTHWASH 750ML,84.00
1192486,GREATER MYBACIN THROAT MINT 140x10'S (PIP),980.00
1192487,GREATER MYBACIN THROAT MINT 40x10'S (YELLOW),286.00
1192489,GREATER MYBACIN ZINC 40x10'S (LEMON) (GREEN),286.00
1192490,GREATER MYBACIN ZINC 40x10'S (ORANGE),286.00
1192491,GREATER MYSOLONE-N CRAEM 15G,23.50
1192492,GREATER MYSOVEN 100MG 60'S,102.00
1192493,GREATER MYSOVEN 200MG 60'S,202.00
1192494,GREATER MYSOVEN 600MG 30'S,260.00
1192499,MAXXLIFE BEYOND PLUS SCARGEL 10G,130.00
1192500,MAXXLIFE BIO VEGGIE 30x5'S (FREE 3x5'S),420.00
1192502,MAXXLIFE CALCIUM BORON 60'S,340.00
1192503,MAXXLIFE CLA+PLUS 30'S,580.00
1192504,MAXXLIFE COCONUT OIL 1000ML,490.00
1192505,MAXXLIFE COCONUT OIL 200ML,165.00
1192506,MAXXLIFE COCONUT OIL 500ML,290.00
1192507,MAXXLIFE DETOXZY 10'S,147.00
1192508,MAXXLIFE FEMINIE 30'S,725.00
1192509,MAXXLIFE GD-1 SPIRULINA 100'S,297.00
1192510,MAXXLIFE GUMMY VEGGY 48'S,189.00
1192511,MAXXLIFE IRON AMINO ACID CHELATE 30'S,345.00
1192514,MAXXLIFE ISOTINA 30'S,719.00
1192515,MAXXLIFE KELOSIL SCAR GEL 10G,310.00
1192516,MAXXLIFE LAXXA 10'S,80.00
1192517,MAXXLIFE LESURY 30'S,659.00
1192518,MAXXLIFE LUCY SCALP 30ML,110.00
1192519,MAXXLIFE LILYSHINE 30'S,460.00
1192520,MAXXLIFE MAG-CAL 30SACHETS,460.00
1192521,MAXXLIFE MAGNISIUM PLUS 60'S,350.00
1192522,MAXXLIFE MULTI MINERAL 30'S,200.00
1192523,MAXXLIFE NASIC CLEAN 100ML+SALT 10'S,138.00
1192524,MAXXLIFE NASIC CLEAN 250ML+SALT 10'S,155.00
1192525,MAXXLIFE NASIC SALT 30'S,94.00
1192527,MAXXLIFE ORAL SPRAY PLUS Q10 15ML,118.00
1192529,MAXXLIFE PEPTIDE COLLAGEN 110G (FISH),950.00
1192530,MAXXLIFE PLANT STEROL Q10 60'S,580.00
1192532,MAXXLIFE RICE BRAN OIL 2x30'S,365.00
1192533,MAXXLIFE SILUET PEPTIDE 30'S,296.00
1192535,MAXXLIFE ULTRA 8 OIL SOFTGEL 30'S,490.00
1192537,MAXXLIFE ZINC 30'S,345.00
1192541,TENSOPLAST ผ้า 1x100PCS,65.50
1192542,TENSOPLAST ผ้า 20'S (กล่องเล็ก),29.00
1192543,TENSOPLASTIC 1x100PCS (BROWN),75.00
1192544,TENSOPLASTIC 5SIZE 20PCS (CLEAR),31.00
1192545,TENSOPLASTIC 5SIZE 20PCS (NUDE),31.00
1192548,TENSOPLASTIC CLEAR 100PCS (CLEAR),82.00
1192549,TENSOPLASTIC JUMBO 5'S,30.50
1192550,TENSOPLAST-L 100PCS (ผ้า),94.00
1192551,TENSOPLAST-L 20PCS,30.50
1192552,TIGERPLAST WATERPROOF 1SIZE 15PCS,40.00
1192553,TIGERPLAST WATERPROOF 4SIZE 15PCS (สีเนื้อ),38.00
